{"cameraMode":{"drawMode":0,"name":"Shaded","section":"Shading Mode"},"sceneLighting":false,"audioPlay":false,"sceneViewState":{"showFog":true,"showMaterialUpdate":true,"showSkybox":false,"showFlares":true,"showImageEffects":true,"showParticleSystems":true},"in2DMode":false,"pivot":{"x":29.239166259765626,"y":-39.463890075683597,"z":58.07917022705078},"rotation":{"x":-0.2502875328063965,"y":-0.32725340127944949,"z":0.08912698179483414,"w":-0.9072059988975525},"size":86.81526947021485,"orthographic":false}