{"cameraMode":{"drawMode":0,"name":"Shaded","section":"Shading Mode"},"sceneLighting":false,"audioPlay":false,"sceneViewState":{"showFog":true,"showMaterialUpdate":true,"showSkybox":false,"showFlares":true,"showImageEffects":true,"showParticleSystems":true},"in2DMode":false,"pivot":{"x":79.1970443725586,"y":-3.9484822750091554,"z":10.40268611907959},"rotation":{"x":0.021217456087470056,"y":0.7043225765228272,"z":-0.019534369930624963,"w":0.7097825407981873},"size":100.7969741821289,"orthographic":false}