{"cameraMode":{"drawMode":0,"name":"Shaded","section":"Shading Mode"},"sceneLighting":false,"audioPlay":false,"sceneViewState":{"showFog":true,"showMaterialUpdate":true,"showSkybox":true,"showFlares":true,"showImageEffects":true,"showParticleSystems":true},"in2DMode":false,"pivot":{"x":0.02133377455174923,"y":0.006416887044906616,"z":-0.03064654767513275},"rotation":{"x":0.00007501666550524533,"y":0.9996110796928406,"z":-0.028508054092526437,"w":0.02113523706793785},"size":1.325031042098999,"orthographic":false}