{"cameraMode":{"drawMode":0,"name":"Shaded","section":"Shading Mode"},"sceneLighting":false,"audioPlay":false,"sceneViewState":{"showFog":true,"showMaterialUpdate":true,"showSkybox":false,"showFlares":true,"showImageEffects":true,"showParticleSystems":true},"in2DMode":false,"pivot":{"x":2.147157907485962,"y":1.5168877840042115,"z":0.048305392265319827},"rotation":{"x":0.060651518404483798,"y":0.5501371026039124,"z":-0.03661564365029335,"w":0.8327381610870361},"size":6.813087463378906,"orthographic":false}