{"cameraMode":{"drawMode":0,"name":"Shaded","section":"Shading Mode"},"sceneLighting":false,"audioPlay":false,"sceneViewState":{"showFog":true,"showMaterialUpdate":true,"showSkybox":false,"showFlares":true,"showImageEffects":true,"showParticleSystems":true},"in2DMode":false,"pivot":{"x":-205.94126892089845,"y":101.30879211425781,"z":-72.64004516601563},"rotation":{"x":-0.018324365839362146,"y":0.8729134202003479,"z":-0.03271052986383438,"w":-0.48654934763908389},"size":503.2886962890625,"orthographic":false}