{"cameraMode":{"drawMode":0,"name":"Shaded","section":"Shading Mode"},"sceneLighting":false,"audioPlay":false,"sceneViewState":{"showFog":true,"showMaterialUpdate":true,"showSkybox":false,"showFlares":true,"showImageEffects":true,"showParticleSystems":true},"in2DMode":false,"pivot":{"x":9.5367431640625e-7,"y":1.1345113515853882,"z":9.5367431640625e-7},"rotation":{"x":-0.14883191883563996,"y":-0.5729249119758606,"z":0.10735151916742325,"w":-0.7991542816162109},"size":9.958327293395996,"orthographic":false}