{"cameraMode":{"drawMode":0,"name":"Shaded","section":"Shading Mode"},"sceneLighting":false,"audioPlay":false,"sceneViewState":{"showFog":true,"showMaterialUpdate":true,"showSkybox":false,"showFlares":true,"showImageEffects":true,"showParticleSystems":true},"in2DMode":false,"pivot":{"x":9.046867370605469,"y":-13.452777862548829,"z":-8.550718307495118},"rotation":{"x":0.264211505651474,"y":-0.659340500831604,"z":0.2675618529319763,"w":0.65107661485672},"size":121.9543685913086,"orthographic":false}