{"cameraMode":{"drawMode":0,"name":"Shaded","section":"Shading Mode"},"sceneLighting":false,"audioPlay":false,"sceneViewState":{"showFog":true,"showMaterialUpdate":true,"showSkybox":true,"showFlares":true,"showImageEffects":true,"showParticleSystems":true},"in2DMode":false,"pivot":{"x":20.344562530517579,"y":4.464964866638184,"z":68.4687728881836},"rotation":{"x":-0.18721146881580354,"y":0.5688595771789551,"z":-0.1344248652458191,"w":-0.7898206114768982},"size":1.1431565284729005,"orthographic":false}