{"cameraMode":{"drawMode":0,"name":"Shaded","section":"Shading Mode"},"sceneLighting":false,"audioPlay":false,"sceneViewState":{"showFog":true,"showMaterialUpdate":true,"showSkybox":false,"showFlares":true,"showImageEffects":true,"showParticleSystems":true},"in2DMode":false,"pivot":{"x":-10.853515625,"y":-1.790734887123108,"z":-13.833765983581543},"rotation":{"x":-0.02483917586505413,"y":-0.9743123650550842,"z":0.19106599688529969,"w":-0.11958195269107819},"size":29.53372573852539,"orthographic":false}