{"cameraMode":{"drawMode":0,"name":"Shaded","section":"Shading Mode"},"sceneLighting":false,"audioPlay":false,"sceneViewState":{"showFog":true,"showMaterialUpdate":true,"showSkybox":false,"showFlares":true,"showImageEffects":true,"showParticleSystems":true},"in2DMode":false,"pivot":{"x":-2.9802322387695315e-8,"y":0.15952089428901673,"z":2.9802322387695315e-8},"rotation":{"x":-0.21540288627147675,"y":-0.05972394347190857,"z":0.013370966538786888,"w":-0.9747433662414551},"size":1.1460922956466675,"orthographic":false}