{"cameraMode":{"drawMode":0,"name":"Shaded","section":"Shading Mode"},"sceneLighting":false,"audioPlay":false,"sceneViewState":{"showFog":true,"showMaterialUpdate":true,"showSkybox":false,"showFlares":true,"showImageEffects":true,"showParticleSystems":true},"in2DMode":false,"pivot":{"x":-17.873537063598634,"y":-0.4307780861854553,"z":7.356772422790527},"rotation":{"x":0.3028434216976166,"y":-0.03396836295723915,"z":0.011969814077019692,"w":0.952713131904602},"size":22.053573608398439,"orthographic":false}