{"cameraMode":{"drawMode":0,"name":"Shaded","section":"Shading Mode"},"sceneLighting":false,"audioPlay":false,"sceneViewState":{"showFog":true,"showMaterialUpdate":true,"showSkybox":false,"showFlares":true,"showImageEffects":true,"showParticleSystems":true},"in2DMode":false,"pivot":{"x":137.300537109375,"y":-442.9112548828125,"z":486.9225158691406},"rotation":{"x":0.3494665324687958,"y":0.1291508972644806,"z":-0.04755083844065666,"w":0.9271449446678162},"size":716.7572021484375,"orthographic":false}