{"cameraMode":{"drawMode":0,"name":"Shaded","section":"Shading Mode"},"sceneLighting":false,"audioPlay":false,"sceneViewState":{"showFog":true,"showMaterialUpdate":true,"showSkybox":false,"showFlares":true,"showImageEffects":true,"showParticleSystems":true},"in2DMode":false,"pivot":{"x":-36.19530487060547,"y":-44.1921501159668,"z":-37.40574264526367},"rotation":{"x":-0.11432063579559326,"y":0.8779554963111877,"z":-0.2650420367717743,"w":-0.38193991780281069},"size":150.34446716308595,"orthographic":false}