{"cameraMode":{"drawMode":0,"name":"Shaded","section":"Shading Mode"},"sceneLighting":false,"audioPlay":false,"sceneViewState":{"showFog":true,"showMaterialUpdate":true,"showSkybox":false,"showFlares":true,"showImageEffects":true,"showParticleSystems":true},"in2DMode":false,"pivot":{"x":9.563575744628907,"y":-41.19767379760742,"z":-74.45848846435547},"rotation":{"x":0.014623823575675488,"y":0.9469203352928162,"z":-0.3213803470134735,"w":0.03348596766591072},"size":146.93434143066407,"orthographic":false}