{"cameraMode":{"drawMode":0,"name":"Shaded","section":"Shading Mode"},"sceneLighting":false,"audioPlay":false,"sceneViewState":{"showFog":true,"showMaterialUpdate":true,"showSkybox":false,"showFlares":true,"showImageEffects":true,"showParticleSystems":true},"in2DMode":false,"pivot":{"x":-21.586116790771486,"y":-14.891424179077149,"z":39.8017578125},"rotation":{"x":-0.20633365213871003,"y":0.14657123386859895,"z":-0.03227732330560684,"w":-0.9672715067863464},"size":51.748165130615237,"orthographic":false}