{"cameraMode":{"drawMode":0,"name":"Shaded","section":"Shading Mode"},"sceneLighting":false,"audioPlay":false,"sceneViewState":{"showFog":true,"showMaterialUpdate":true,"showSkybox":false,"showFlares":true,"showImageEffects":true,"showParticleSystems":true},"in2DMode":false,"pivot":{"x":73.2121810913086,"y":-241.01380920410157,"z":-116.62213897705078},"rotation":{"x":-0.014920075424015522,"y":-0.8473135232925415,"z":0.5309988856315613,"w":-0.02366924285888672},"size":553.8008422851563,"orthographic":false}