{"cameraMode":{"drawMode":0,"name":"Shaded","section":"Shading Mode"},"sceneLighting":false,"audioPlay":false,"sceneViewState":{"showFog":true,"showMaterialUpdate":true,"showSkybox":false,"showFlares":true,"showImageEffects":true,"showParticleSystems":true},"in2DMode":false,"pivot":{"x":-26.274028778076173,"y":-0.7992796301841736,"z":-28.54938507080078},"rotation":{"x":-0.043660715222358707,"y":0.9462119936943054,"z":-0.1494913548231125,"w":-0.28484126925468447},"size":53.737125396728519,"orthographic":false}