{"cameraMode":{"drawMode":0,"name":"Shaded","section":"Shading Mode"},"sceneLighting":false,"audioPlay":false,"sceneViewState":{"showFog":true,"showMaterialUpdate":true,"showSkybox":false,"showFlares":true,"showImageEffects":true,"showParticleSystems":true},"in2DMode":false,"pivot":{"x":-16.3799991607666,"y":1.00600004196167,"z":5.565000534057617},"rotation":{"x":-0.22518567740917207,"y":0.09816696494817734,"z":-0.023592159152030946,"w":-0.9694442749023438},"size":5.595673561096191,"orthographic":false}