{"cameraMode":{"drawMode":0,"name":"Shaded","section":"Shading Mode"},"sceneLighting":false,"audioPlay":false,"sceneViewState":{"showFog":true,"showMaterialUpdate":true,"showSkybox":true,"showFlares":true,"showImageEffects":true,"showParticleSystems":true},"in2DMode":false,"pivot":{"x":-2.152374267578125,"y":-105.66537475585938,"z":22.384113311767579},"rotation":{"x":0.3079964816570282,"y":0.06556989997625351,"z":-0.02135591022670269,"w":0.9490572810173035},"size":482.38946533203127,"orthographic":false}