{"cameraMode":{"drawMode":0,"name":"Shaded","section":"Shading Mode"},"sceneLighting":false,"audioPlay":false,"sceneViewState":{"showFog":true,"showMaterialUpdate":true,"showSkybox":true,"showFlares":true,"showImageEffects":true,"showParticleSystems":true},"in2DMode":false,"pivot":{"x":14.164350509643555,"y":-272.3173828125,"z":326.882080078125},"rotation":{"x":0.32997027039527895,"y":-0.021257266402244569,"z":0.007372861262410879,"w":0.9438681602478027},"size":488.5745544433594,"orthographic":false}