{"cameraMode":{"drawMode":0,"name":"Shaded","section":"Shading Mode"},"sceneLighting":false,"audioPlay":false,"sceneViewState":{"showFog":true,"showMaterialUpdate":false,"showSkybox":false,"showFlares":true,"showImageEffects":true,"showParticleSystems":true},"in2DMode":false,"pivot":{"x":1.4901161193847657e-8,"y":0.5042414665222168,"z":0.0},"rotation":{"x":-0.016541924327611924,"y":0.9834507703781128,"z":-0.12488439679145813,"w":-0.13027335703372956},"size":2.6252529621124269,"orthographic":false}