{"cameraMode":{"drawMode":0,"name":"Shaded","section":"Shading Mode"},"sceneLighting":false,"audioPlay":false,"sceneViewState":{"showFog":true,"showMaterialUpdate":true,"showSkybox":false,"showFlares":true,"showImageEffects":true,"showParticleSystems":true},"in2DMode":false,"pivot":{"x":-27.005205154418947,"y":-34.132904052734378,"z":65.36370086669922},"rotation":{"x":0.2771427631378174,"y":-0.02341396175324917,"z":0.0078117623925209049,"w":0.9609460234642029},"size":90.27384948730469,"orthographic":false}