{"cameraMode":{"drawMode":0,"name":"Shaded","section":"Shading Mode"},"sceneLighting":false,"audioPlay":false,"sceneViewState":{"showFog":true,"showMaterialUpdate":true,"showSkybox":false,"showFlares":true,"showImageEffects":true,"showParticleSystems":true},"in2DMode":false,"pivot":{"x":-0.18131491541862489,"y":1.9948632717132569,"z":-3.4300596714019777},"rotation":{"x":0.06474252790212631,"y":0.028435228392481805,"z":-0.0018269368447363377,"w":0.9975500702857971},"size":4.674489974975586,"orthographic":false}