{"cameraMode":{"drawMode":0,"name":"Shaded","section":"Shading Mode"},"sceneLighting":false,"audioPlay":false,"sceneViewState":{"showFog":true,"showMaterialUpdate":true,"showSkybox":false,"showFlares":true,"showImageEffects":true,"showParticleSystems":true},"in2DMode":false,"pivot":{"x":32.00105667114258,"y":-36.390995025634769,"z":27.84683609008789},"rotation":{"x":-0.20976462960243226,"y":-0.5894373059272766,"z":0.16071024537086488,"w":-0.7639212608337402},"size":90.27384948730469,"orthographic":false}