{"cameraMode":{"drawMode":0,"name":"Shaded","section":"Shading Mode"},"sceneLighting":false,"audioPlay":false,"sceneViewState":{"showFog":true,"showMaterialUpdate":true,"showSkybox":false,"showFlares":true,"showImageEffects":true,"showParticleSystems":true},"in2DMode":false,"pivot":{"x":4.830000877380371,"y":3.6499996185302736,"z":-10.729999542236329},"rotation":{"x":0.11805547028779984,"y":-0.789067804813385,"z":0.1614476889371872,"w":0.5812764167785645},"size":13.944765090942383,"orthographic":false}