{"cameraMode":{"drawMode":0,"name":"Shaded","section":"Shading Mode"},"sceneLighting":false,"audioPlay":false,"sceneViewState":{"showFog":true,"showMaterialUpdate":true,"showSkybox":false,"showFlares":true,"showImageEffects":true,"showParticleSystems":true},"in2DMode":false,"pivot":{"x":6.109476089477539e-7,"y":-0.3889386057853699,"z":0.0000012218952178955079},"rotation":{"x":0.060651518404483798,"y":0.5501371026039124,"z":-0.03661564365029335,"w":0.8327381610870361},"size":1.1919220685958863,"orthographic":false}