{"cameraMode":{"drawMode":0,"name":"Shaded","section":"Shading Mode"},"sceneLighting":false,"audioPlay":false,"sceneViewState":{"showFog":true,"showMaterialUpdate":true,"showSkybox":false,"showFlares":true,"showImageEffects":true,"showParticleSystems":true},"in2DMode":false,"pivot":{"x":216.7349395751953,"y":-149.58291625976563,"z":-27.872997283935548},"rotation":{"x":-0.19251053035259248,"y":-0.7083290815353394,"z":0.2112872153520584,"w":-0.6457495093345642},"size":339.74017333984377,"orthographic":false}