{"cameraMode":{"drawMode":0,"name":"Shaded","section":"Shading Mode"},"sceneLighting":false,"audioPlay":false,"sceneViewState":{"showFog":true,"showMaterialUpdate":true,"showSkybox":false,"showFlares":true,"showImageEffects":true,"showParticleSystems":true},"in2DMode":false,"pivot":{"x":-90.0960922241211,"y":-79.53211212158203,"z":13.995243072509766},"rotation":{"x":0.2756389081478119,"y":-0.5983079671859741,"z":0.23106849193572999,"w":0.7164116501808167},"size":147.90017700195313,"orthographic":false}