{"cameraMode":{"drawMode":0,"name":"Shaded","section":"Shading Mode"},"sceneLighting":false,"audioPlay":false,"sceneViewState":{"showFog":true,"showMaterialUpdate":true,"showSkybox":false,"showFlares":true,"showImageEffects":true,"showParticleSystems":true},"in2DMode":false,"pivot":{"x":-15.492445945739746,"y":-10.430834770202637,"z":-31.91791534423828},"rotation":{"x":0.03313404694199562,"y":-0.9643421173095703,"z":0.2121376395225525,"w":0.15701760351657868},"size":36.43325424194336,"orthographic":false}