{"cameraMode":{"drawMode":0,"name":"Shaded","section":"Shading Mode"},"sceneLighting":false,"audioPlay":false,"sceneViewState":{"showFog":true,"showMaterialUpdate":true,"showSkybox":true,"showFlares":true,"showImageEffects":true,"showParticleSystems":true},"in2DMode":false,"pivot":{"x":-8.916751861572266,"y":0.3269999921321869,"z":-0.18199999630451203},"rotation":{"x":-0.36675718426704409,"y":0.17325761914253236,"z":-0.06953965127468109,"w":-0.9115429520606995},"size":22.0,"orthographic":false}