{"cameraMode":{"drawMode":0,"name":"Shaded","section":"Shading Mode"},"sceneLighting":false,"audioPlay":false,"sceneViewState":{"showFog":true,"showMaterialUpdate":true,"showSkybox":true,"showFlares":true,"showImageEffects":true,"showParticleSystems":true},"in2DMode":false,"pivot":{"x":8.722358703613282,"y":38.98065185546875,"z":140.85025024414063},"rotation":{"x":0.45979446172714236,"y":0.08260266482830048,"z":-0.043145328760147098,"w":0.8832093477249146},"size":741.92724609375,"orthographic":false}