{"cameraMode":{"drawMode":0,"name":"Shaded","section":"Shading Mode"},"sceneLighting":false,"audioPlay":false,"sceneViewState":{"showFog":true,"showMaterialUpdate":true,"showSkybox":false,"showFlares":true,"showImageEffects":true,"showParticleSystems":true},"in2DMode":false,"pivot":{"x":-95.01324462890625,"y":-865.9868774414063,"z":-652.0914306640625},"rotation":{"x":-0.03284955397248268,"y":0.8927836418151856,"z":-0.4449808895587921,"w":-0.0680263414978981},"size":1116.0799560546875,"orthographic":false}