{"cameraMode":{"drawMode":0,"name":"Shaded","section":"Shading Mode"},"sceneLighting":false,"audioPlay":false,"sceneViewState":{"showFog":true,"showMaterialUpdate":true,"showSkybox":false,"showFlares":true,"showImageEffects":true,"showParticleSystems":true},"in2DMode":false,"pivot":{"x":-25.760509490966798,"y":-45.508914947509769,"z":4.975916862487793},"rotation":{"x":-0.3416561186313629,"y":0.6059111952781677,"z":-0.32291698455810549,"w":-0.642085075378418},"size":74.1096420288086,"orthographic":false}