{"cameraMode":{"drawMode":0,"name":"Shaded","section":"Shading Mode"},"sceneLighting":false,"audioPlay":false,"sceneViewState":{"showFog":true,"showMaterialUpdate":true,"showSkybox":false,"showFlares":true,"showImageEffects":true,"showParticleSystems":true},"in2DMode":false,"pivot":{"x":305.4896545410156,"y":-207.994140625,"z":-128.36181640625},"rotation":{"x":-0.1488219052553177,"y":-0.8052753210067749,"z":0.226966992020607,"w":-0.5274199843406677},"size":491.47918701171877,"orthographic":false}