{"cameraMode":{"drawMode":0,"name":"Shaded","section":"Shading Mode"},"sceneLighting":false,"audioPlay":false,"sceneViewState":{"showFog":true,"showMaterialUpdate":true,"showSkybox":true,"showFlares":true,"showImageEffects":true,"showParticleSystems":true},"in2DMode":false,"pivot":{"x":160.185546875,"y":-61.0286979675293,"z":161.12106323242188},"rotation":{"x":0.13730089366436006,"y":0.3732813894748688,"z":-0.056002598255872729,"w":0.9159300923347473},"size":223.93380737304688,"orthographic":false}