{"cameraMode":{"drawMode":0,"name":"Shaded","section":"Shading Mode"},"sceneLighting":false,"audioPlay":false,"sceneViewState":{"showFog":true,"showMaterialUpdate":true,"showSkybox":false,"showFlares":true,"showImageEffects":true,"showParticleSystems":true},"in2DMode":false,"pivot":{"x":-0.09422429651021958,"y":-83.31295013427735,"z":91.96057891845703},"rotation":{"x":-0.32405585050582888,"y":-0.04648733511567116,"z":0.015248417854309082,"w":-0.9450237154960632},"size":177.9051971435547,"orthographic":false}