{"cameraMode":{"drawMode":0,"name":"Shaded","section":"Shading Mode"},"sceneLighting":false,"audioPlay":false,"sceneViewState":{"showFog":true,"showMaterialUpdate":true,"showSkybox":true,"showFlares":true,"showImageEffects":true,"showParticleSystems":true},"in2DMode":false,"pivot":{"x":93.99578094482422,"y":-345.6192321777344,"z":236.829345703125},"rotation":{"x":0.45264866948127749,"y":0.09862315654754639,"z":-0.05047432705760002,"w":0.8849364519119263},"size":488.5745544433594,"orthographic":false}