{"cameraMode":{"drawMode":0,"name":"Shaded","section":"Shading Mode"},"sceneLighting":false,"audioPlay":false,"sceneViewState":{"showFog":true,"showMaterialUpdate":true,"showSkybox":false,"showFlares":true,"showImageEffects":true,"showParticleSystems":true},"in2DMode":false,"pivot":{"x":-1.522295355796814,"y":0.47634512186050417,"z":-1.169571876525879},"rotation":{"x":-0.045359231531620029,"y":0.9114925265312195,"z":-0.10465975850820542,"w":-0.39529985189437868},"size":6.619784355163574,"orthographic":false}