{"cameraMode":{"drawMode":0,"name":"Shaded","section":"Shading Mode"},"sceneLighting":false,"audioPlay":false,"sceneViewState":{"showFog":true,"showMaterialUpdate":true,"showSkybox":false,"showFlares":true,"showImageEffects":true,"showParticleSystems":true},"in2DMode":false,"pivot":{"x":-32.0643310546875,"y":-112.35981750488281,"z":130.8485870361328},"rotation":{"x":0.3029095530509949,"y":-0.09516723453998566,"z":0.030780917033553125,"w":0.9479925632476807},"size":234.5137939453125,"orthographic":false}