{"cameraMode":{"drawMode":0,"name":"Shaded","section":"Shading Mode"},"sceneLighting":false,"audioPlay":false,"sceneViewState":{"showFog":true,"showMaterialUpdate":true,"showSkybox":true,"showFlares":true,"showImageEffects":true,"showParticleSystems":true},"in2DMode":false,"pivot":{"x":54.106964111328128,"y":-90.05236053466797,"z":64.04444122314453},"rotation":{"x":0.40281492471694949,"y":0.22934913635253907,"z":-0.10505712777376175,"w":0.8799502849578857},"size":182.2638702392578,"orthographic":false}