{"cameraMode":{"drawMode":0,"name":"Shaded","section":"Shading Mode"},"sceneLighting":false,"audioPlay":false,"sceneViewState":{"showFog":true,"showMaterialUpdate":true,"showSkybox":false,"showFlares":true,"showImageEffects":true,"showParticleSystems":true},"in2DMode":false,"pivot":{"x":8.706226348876954,"y":-19.078428268432618,"z":8.890532493591309},"rotation":{"x":0.20237380266189576,"y":0.5533181428909302,"z":-0.13630911707878114,"w":0.7972238063812256},"size":56.19994354248047,"orthographic":false}