{"cameraMode":{"drawMode":0,"name":"Shaded","section":"Shading Mode"},"sceneLighting":true,"audioPlay":false,"sceneViewState":{"showFog":true,"showMaterialUpdate":true,"showSkybox":true,"showFlares":true,"showImageEffects":true,"showParticleSystems":true},"in2DMode":false,"pivot":{"x":-4.956627368927002,"y":5.760881423950195,"z":-11.899324417114258},"rotation":{"x":0.22851796448230744,"y":-0.13384056091308595,"z":0.031843580305576327,"w":0.9638296365737915},"size":18.56403923034668,"orthographic":false}