{"cameraMode":{"drawMode":0,"name":"Shaded","section":"Shading Mode"},"sceneLighting":false,"audioPlay":false,"sceneViewState":{"showFog":true,"showMaterialUpdate":true,"showSkybox":true,"showFlares":true,"showImageEffects":true,"showParticleSystems":true},"in2DMode":false,"pivot":{"x":-8.63754653930664,"y":0.9808655381202698,"z":3.3575639724731447},"rotation":{"x":0.15530821681022645,"y":-0.03625238686800003,"z":0.005707461386919022,"w":0.987467885017395},"size":41.5705451965332,"orthographic":false}