{"cameraMode":{"drawMode":0,"name":"Shaded","section":"Shading Mode"},"sceneLighting":false,"audioPlay":false,"sceneViewState":{"showFog":true,"showMaterialUpdate":true,"showSkybox":false,"showFlares":true,"showImageEffects":true,"showParticleSystems":true},"in2DMode":false,"pivot":{"x":0.0,"y":0.12161242961883545,"z":3.0547380447387697e-7},"rotation":{"x":0.18692471086978913,"y":0.3511618375778198,"z":-0.07122980058193207,"w":0.915144145488739},"size":0.4548706114292145,"orthographic":false}