{"cameraMode":{"drawMode":0,"name":"Shaded","section":"Shading Mode"},"sceneLighting":false,"audioPlay":false,"sceneViewState":{"showFog":true,"showMaterialUpdate":true,"showSkybox":false,"showFlares":true,"showImageEffects":true,"showParticleSystems":true},"in2DMode":false,"pivot":{"x":-10.199750900268555,"y":-0.6407794952392578,"z":-5.141857147216797},"rotation":{"x":0.27504783868789675,"y":-0.1159643903374672,"z":0.035128362476825717,"w":0.9543163180351257},"size":44.46866226196289,"orthographic":false}