{"cameraMode":{"drawMode":0,"name":"Shaded","section":"Shading Mode"},"sceneLighting":false,"audioPlay":false,"sceneViewState":{"showFog":true,"showMaterialUpdate":true,"showSkybox":false,"showFlares":true,"showImageEffects":true,"showParticleSystems":true},"in2DMode":false,"pivot":{"x":-109.43975067138672,"y":-109.5044174194336,"z":-14.658856391906739},"rotation":{"x":-0.28210926055908205,"y":0.6538904309272766,"z":-0.28933215141296389,"w":-0.6402884125709534},"size":178.4236297607422,"orthographic":false}