{"cameraMode":{"drawMode":0,"name":"Shaded","section":"Shading Mode"},"sceneLighting":false,"audioPlay":false,"sceneViewState":{"showFog":true,"showMaterialUpdate":true,"showSkybox":false,"showFlares":true,"showImageEffects":true,"showParticleSystems":true},"in2DMode":false,"pivot":{"x":-25.824127197265626,"y":-8.900323867797852,"z":-22.93233299255371},"rotation":{"x":0.10278265178203583,"y":-0.8862887620925903,"z":0.2402891218662262,"w":0.38337621092796328},"size":45.330596923828128,"orthographic":false}