{"cameraMode":{"drawMode":0,"name":"Shaded","section":"Shading Mode"},"sceneLighting":false,"audioPlay":false,"sceneViewState":{"showFog":true,"showMaterialUpdate":true,"showSkybox":false,"showFlares":true,"showImageEffects":true,"showParticleSystems":true},"in2DMode":false,"pivot":{"x":-13.643247604370118,"y":0.6000000238418579,"z":-118.6529769897461},"rotation":{"x":-0.020566796883940698,"y":0.9461230039596558,"z":-0.06141575053334236,"w":-0.31742599606513979},"size":2.424999237060547,"orthographic":false}