{"cameraMode":{"drawMode":0,"name":"Shaded","section":"Shading Mode"},"sceneLighting":false,"audioPlay":false,"sceneViewState":{"showFog":true,"showMaterialUpdate":true,"showSkybox":false,"showFlares":true,"showImageEffects":true,"showParticleSystems":true},"in2DMode":false,"pivot":{"x":-0.9978537559509277,"y":-40.147125244140628,"z":81.07571411132813},"rotation":{"x":0.25052475929260256,"y":0.07507778704166413,"z":-0.01845398359000683,"w":0.9654588103294373},"size":97.58720397949219,"orthographic":false}