{"cameraMode":{"drawMode":0,"name":"Shaded","section":"Shading Mode"},"sceneLighting":false,"audioPlay":false,"sceneViewState":{"showFog":true,"showMaterialUpdate":true,"showSkybox":false,"showFlares":true,"showImageEffects":true,"showParticleSystems":true},"in2DMode":false,"pivot":{"x":233.89935302734376,"y":60.97752380371094,"z":261.1405334472656},"rotation":{"x":0.19775062799453736,"y":-0.6882888674736023,"z":0.20389355719089509,"w":0.667533814907074},"size":22.0,"orthographic":false}