{"cameraMode":{"drawMode":0,"name":"Shaded","section":"Shading Mode"},"sceneLighting":false,"audioPlay":false,"sceneViewState":{"showFog":true,"showMaterialUpdate":true,"showSkybox":false,"showFlares":true,"showImageEffects":true,"showParticleSystems":true},"in2DMode":false,"pivot":{"x":-27.346363067626954,"y":-27.251230239868165,"z":-10.62542724609375},"rotation":{"x":0.28639262914657595,"y":-0.6643481850624085,"z":0.30974677205085757,"w":0.6176249384880066},"size":62.88827896118164,"orthographic":false}