{"cameraMode":{"drawMode":0,"name":"Shaded","section":"Shading Mode"},"sceneLighting":false,"audioPlay":false,"sceneViewState":{"showFog":true,"showMaterialUpdate":true,"showSkybox":true,"showFlares":true,"showImageEffects":true,"showParticleSystems":true},"in2DMode":false,"pivot":{"x":37.5,"y":-0.08029915392398834,"z":-5.000000953674316},"rotation":{"x":0.14771272242069245,"y":0.6012283563613892,"z":-0.11422785371541977,"w":0.7770789265632629},"size":122.64615631103516,"orthographic":false}