{"cameraMode":{"drawMode":0,"name":"Shaded","section":"Shading Mode"},"sceneLighting":false,"audioPlay":false,"sceneViewState":{"showFog":true,"showMaterialUpdate":true,"showSkybox":false,"showFlares":true,"showImageEffects":true,"showParticleSystems":true},"in2DMode":false,"pivot":{"x":0.3042159378528595,"y":1.5793962478637696,"z":1.8338031768798829},"rotation":{"x":-0.09558217972517014,"y":0.7506859302520752,"z":-0.11139541119337082,"w":-0.6441930532455444},"size":0.5715768337249756,"orthographic":false}