{"cameraMode":{"drawMode":0,"name":"Shaded","section":"Shading Mode"},"sceneLighting":false,"audioPlay":false,"sceneViewState":{"showFog":true,"showMaterialUpdate":true,"showSkybox":false,"showFlares":true,"showImageEffects":true,"showParticleSystems":true},"in2DMode":false,"pivot":{"x":0.3357284963130951,"y":0.35185208916664126,"z":0.14847703278064729},"rotation":{"x":-0.03757031634449959,"y":0.9438333511352539,"z":-0.11523742228746414,"w":-0.3075478971004486},"size":2.857883930206299,"orthographic":false}