{"cameraMode":{"drawMode":0,"name":"Shaded","section":"Shading Mode"},"sceneLighting":false,"audioPlay":false,"sceneViewState":{"showFog":true,"showMaterialUpdate":true,"showSkybox":false,"showFlares":true,"showImageEffects":true,"showParticleSystems":true},"in2DMode":false,"pivot":{"x":2.443666458129883,"y":1.9377427101135255,"z":2.0481743812561037},"rotation":{"x":0.13242648541927339,"y":-0.7744568586349487,"z":0.17230255901813508,"w":0.5945836901664734},"size":4.545234203338623,"orthographic":false}