{"cameraMode":{"drawMode":0,"name":"Shaded","section":"Shading Mode"},"sceneLighting":false,"audioPlay":false,"sceneViewState":{"showFog":true,"showMaterialUpdate":true,"showSkybox":false,"showFlares":true,"showImageEffects":true,"showParticleSystems":true},"in2DMode":false,"pivot":{"x":110.10237884521485,"y":-806.4130859375,"z":-725.4207763671875},"rotation":{"x":0.02943841740489006,"y":0.9111127257347107,"z":-0.4071408212184906,"w":0.06339643150568009},"size":1116.0799560546875,"orthographic":false}