{"cameraMode":{"drawMode":0,"name":"Shaded","section":"Shading Mode"},"sceneLighting":false,"audioPlay":false,"sceneViewState":{"showFog":true,"showMaterialUpdate":true,"showSkybox":true,"showFlares":true,"showImageEffects":true,"showParticleSystems":true},"in2DMode":false,"pivot":{"x":190.18878173828126,"y":-57.253692626953128,"z":100.23114013671875},"rotation":{"x":0.03806649148464203,"y":-0.9563455581665039,"z":0.2508274018764496,"w":0.1451154500246048},"size":337.0663146972656,"orthographic":false}