{"cameraMode":{"drawMode":0,"name":"Shaded","section":"Shading Mode"},"sceneLighting":false,"audioPlay":false,"sceneViewState":{"showFog":true,"showMaterialUpdate":true,"showSkybox":false,"showFlares":true,"showImageEffects":true,"showParticleSystems":true},"in2DMode":false,"pivot":{"x":56.02962875366211,"y":-46.76193618774414,"z":73.49178314208985},"rotation":{"x":0.25896939635276797,"y":0.28548672795295718,"z":-0.07675834745168686,"w":0.9202184677124023},"size":146.93434143066407,"orthographic":false}