{"cameraMode":{"drawMode":0,"name":"Shaded","section":"Shading Mode"},"sceneLighting":false,"audioPlay":false,"sceneViewState":{"showFog":true,"showMaterialUpdate":true,"showSkybox":false,"showFlares":true,"showImageEffects":true,"showParticleSystems":true},"in2DMode":false,"pivot":{"x":-13.848261833190918,"y":14.464624404907227,"z":-40.79230499267578},"rotation":{"x":-0.27726030349731448,"y":-0.10164035856723786,"z":0.02808992750942707,"w":-0.9553569555282593},"size":4.695782661437988,"orthographic":false}