{"cameraMode":{"drawMode":0,"name":"Shaded","section":"Shading Mode"},"sceneLighting":false,"audioPlay":false,"sceneViewState":{"showFog":true,"showMaterialUpdate":true,"showSkybox":false,"showFlares":true,"showImageEffects":true,"showParticleSystems":true},"in2DMode":false,"pivot":{"x":-848.1254272460938,"y":-700.2039794921875,"z":106.9680404663086},"rotation":{"x":0.24968144297599793,"y":-0.6250869035720825,"z":0.2224084734916687,"w":0.7058286070823669},"size":1153.8087158203125,"orthographic":false}