{"cameraMode":{"drawMode":0,"name":"Shaded","section":"Shading Mode"},"sceneLighting":false,"audioPlay":false,"sceneViewState":{"showFog":true,"showMaterialUpdate":true,"showSkybox":false,"showFlares":true,"showImageEffects":true,"showParticleSystems":true},"in2DMode":false,"pivot":{"x":-29.20095443725586,"y":-17.938879013061525,"z":-18.903648376464845},"rotation":{"x":0.21199998259544373,"y":-0.6761007308959961,"z":0.21461926400661469,"w":0.6728402972221375},"size":82.66646575927735,"orthographic":false}