{"cameraMode":{"drawMode":0,"name":"Shaded","section":"Shading Mode"},"sceneLighting":true,"audioPlay":false,"sceneViewState":{"showFog":true,"showMaterialUpdate":true,"showSkybox":true,"showFlares":true,"showImageEffects":true,"showParticleSystems":true},"in2DMode":false,"pivot":{"x":0.3130115866661072,"y":1.8085236549377442,"z":-4.078095436096191},"rotation":{"x":-0.0026808700058609249,"y":-0.09586086124181748,"z":-0.00022578387870453298,"w":0.9954316020011902},"size":2.8583412170410158,"orthographic":false}