{"cameraMode":{"drawMode":0,"name":"Shaded","section":"Shading Mode"},"sceneLighting":false,"audioPlay":false,"sceneViewState":{"showFog":true,"showMaterialUpdate":true,"showSkybox":false,"showFlares":true,"showImageEffects":true,"showParticleSystems":true},"in2DMode":false,"pivot":{"x":77.3091812133789,"y":-1.3255611658096314,"z":4.160310745239258},"rotation":{"x":0.0136109609156847,"y":0.7167549729347229,"z":-0.01231465581804514,"w":0.6976951360702515},"size":90.9561767578125,"orthographic":false}