{"cameraMode":{"drawMode":0,"name":"Shaded","section":"Shading Mode"},"sceneLighting":false,"audioPlay":false,"sceneViewState":{"showFog":true,"showMaterialUpdate":true,"showSkybox":false,"showFlares":true,"showImageEffects":true,"showParticleSystems":true},"in2DMode":false,"pivot":{"x":-9.30385971069336,"y":-33.45059585571289,"z":71.08534240722656},"rotation":{"x":0.2577608823776245,"y":0.07413174211978913,"z":-0.018742436543107034,"w":0.9635366797447205},"size":77.55862426757813,"orthographic":false}