{"cameraMode":{"drawMode":0,"name":"Shaded","section":"Shading Mode"},"sceneLighting":false,"audioPlay":false,"sceneViewState":{"showFog":true,"showMaterialUpdate":true,"showSkybox":false,"showFlares":true,"showImageEffects":true,"showParticleSystems":true},"in2DMode":false,"pivot":{"x":-13.643247604370118,"y":0.6000000238418579,"z":-118.6529769897461},"rotation":{"x":-0.08041269332170487,"y":0.736701250076294,"z":-0.08910740166902542,"w":-0.6655579805374146},"size":1.8249993324279786,"orthographic":false}