{"cameraMode":{"drawMode":0,"name":"Shaded","section":"Shading Mode"},"sceneLighting":false,"audioPlay":false,"sceneViewState":{"showFog":true,"showMaterialUpdate":true,"showSkybox":true,"showFlares":true,"showImageEffects":true,"showParticleSystems":true},"in2DMode":false,"pivot":{"x":0.23691202700138093,"y":-0.5294568538665772,"z":1.331348180770874},"rotation":{"x":-0.39268821477890017,"y":-0.014672297984361649,"z":0.00659211864694953,"w":-0.9198155999183655},"size":5.7157673835754398,"orthographic":false}