{"cameraMode":{"drawMode":0,"name":"Shaded","section":"Shading Mode"},"sceneLighting":false,"audioPlay":false,"sceneViewState":{"showFog":true,"showMaterialUpdate":true,"showSkybox":false,"showFlares":true,"showImageEffects":true,"showParticleSystems":true},"in2DMode":false,"pivot":{"x":-178.75975036621095,"y":-104.19197845458985,"z":-83.3517074584961},"rotation":{"x":0.14129534363746644,"y":-0.7984563708305359,"z":0.20769540965557099,"w":0.5478988289833069},"size":231.23641967773438,"orthographic":false}