{"cameraMode":{"drawMode":0,"name":"Shaded","section":"Shading Mode"},"sceneLighting":false,"audioPlay":false,"sceneViewState":{"showFog":true,"showMaterialUpdate":true,"showSkybox":false,"showFlares":true,"showImageEffects":true,"showParticleSystems":true},"in2DMode":false,"pivot":{"x":5.061230659484863,"y":-6.3135786056518559,"z":30.924026489257814},"rotation":{"x":-0.13331137597560883,"y":-0.04553445428609848,"z":0.005770770367234945,"w":-0.9902119636535645},"size":74.1096420288086,"orthographic":false}