{"cameraMode":{"drawMode":0,"name":"Shaded","section":"Shading Mode"},"sceneLighting":false,"audioPlay":false,"sceneViewState":{"showFog":true,"showMaterialUpdate":true,"showSkybox":false,"showFlares":true,"showImageEffects":true,"showParticleSystems":true},"in2DMode":false,"pivot":{"x":6.681995868682861,"y":-20.199106216430665,"z":60.91214370727539},"rotation":{"x":-0.204106405377388,"y":-0.17772036790847779,"z":0.03666810318827629,"w":-0.9623465538024902},"size":86.81526947021485,"orthographic":false}