{"cameraMode":{"drawMode":0,"name":"Shaded","section":"Shading Mode"},"sceneLighting":false,"audioPlay":false,"sceneViewState":{"showFog":true,"showMaterialUpdate":true,"showSkybox":true,"showFlares":true,"showImageEffects":true,"showParticleSystems":true},"in2DMode":false,"pivot":{"x":230.42051696777345,"y":144.5697021484375,"z":186.49151611328126},"rotation":{"x":-0.13767434656620027,"y":0.8475533723831177,"z":-0.4380123019218445,"w":-0.2663562297821045},"size":187.93006896972657,"orthographic":false}