{"cameraMode":{"drawMode":0,"name":"Shaded","section":"Shading Mode"},"sceneLighting":false,"audioPlay":false,"sceneViewState":{"showFog":true,"showMaterialUpdate":true,"showSkybox":true,"showFlares":true,"showImageEffects":true,"showParticleSystems":true},"in2DMode":false,"pivot":{"x":476.9018249511719,"y":-43.530338287353519,"z":132.42433166503907},"rotation":{"x":0.08259807527065277,"y":0.7657033801078796,"z":-0.10056810081005097,"w":0.6300191283226013},"size":540.9478759765625,"orthographic":false}