{"cameraMode":{"drawMode":0,"name":"Shaded","section":"Shading Mode"},"sceneLighting":false,"audioPlay":false,"sceneViewState":{"showFog":true,"showMaterialUpdate":true,"showSkybox":true,"showFlares":true,"showImageEffects":true,"showParticleSystems":true},"in2DMode":false,"pivot":{"x":522.9415283203125,"y":305.3546447753906,"z":-68.26482391357422},"rotation":{"x":0.079430490732193,"y":-0.012640942819416523,"z":0.0012351582990959287,"w":0.997042715549469},"size":419.7781066894531,"orthographic":false}