{"cameraMode":{"drawMode":0,"name":"Shaded","section":"Shading Mode"},"sceneLighting":true,"audioPlay":false,"sceneViewState":{"showFog":true,"showMaterialUpdate":true,"showSkybox":true,"showFlares":true,"showImageEffects":true,"showParticleSystems":true},"in2DMode":false,"pivot":{"x":-2.3448944091796877,"y":1.2805066108703614,"z":-1.7825287580490113},"rotation":{"x":0.012429293245077134,"y":0.4376365840435028,"z":-0.006018894258886576,"w":0.8990901708602905},"size":0.7416588664054871,"orthographic":false}