{"cameraMode":{"drawMode":0,"name":"Shaded","section":"Shading Mode"},"sceneLighting":false,"audioPlay":false,"sceneViewState":{"showFog":true,"showMaterialUpdate":true,"showSkybox":true,"showFlares":true,"showImageEffects":true,"showParticleSystems":true},"in2DMode":false,"pivot":{"x":87.32945251464844,"y":37.409244537353519,"z":52.3057861328125},"rotation":{"x":-0.37337931990623476,"y":-0.21920166909694673,"z":0.0913853868842125,"w":-0.8969225883483887},"size":616.623779296875,"orthographic":false}