{"cameraMode":{"drawMode":0,"name":"Shaded","section":"Shading Mode"},"sceneLighting":false,"audioPlay":false,"sceneViewState":{"showFog":true,"showMaterialUpdate":true,"showSkybox":false,"showFlares":true,"showImageEffects":true,"showParticleSystems":true},"in2DMode":false,"pivot":{"x":0.0,"y":0.24010176956653596,"z":2.980232238769531e-7},"rotation":{"x":0.060651518404483798,"y":0.5501371026039124,"z":-0.03661564365029335,"w":0.8327381610870361},"size":1.0499060153961182,"orthographic":false}