{"cameraMode":{"drawMode":0,"name":"Shaded","section":"Shading Mode"},"sceneLighting":false,"audioPlay":false,"sceneViewState":{"showFog":true,"showMaterialUpdate":true,"showSkybox":true,"showFlares":true,"showImageEffects":true,"showParticleSystems":true},"in2DMode":false,"pivot":{"x":47.7452392578125,"y":-169.21731567382813,"z":49.2879638671875},"rotation":{"x":-0.10165033489465714,"y":0.8984848856925964,"z":-0.2991251051425934,"w":-0.3059905767440796},"size":533.1712036132813,"orthographic":false}