{"cameraMode":{"drawMode":0,"name":"Shaded","section":"Shading Mode"},"sceneLighting":false,"audioPlay":false,"sceneViewState":{"showFog":true,"showMaterialUpdate":true,"showSkybox":true,"showFlares":true,"showImageEffects":true,"showParticleSystems":true},"in2DMode":false,"pivot":{"x":71.39755249023438,"y":-424.5246276855469,"z":644.0286865234375},"rotation":{"x":0.3257046937942505,"y":-0.026871373876929284,"z":0.009478084743022919,"w":0.9453157186508179},"size":1063.604248046875,"orthographic":false}