{"cameraMode":{"drawMode":0,"name":"Shaded","section":"Shading Mode"},"sceneLighting":false,"audioPlay":false,"sceneViewState":{"showFog":true,"showMaterialUpdate":true,"showSkybox":false,"showFlares":true,"showImageEffects":true,"showParticleSystems":true},"in2DMode":false,"pivot":{"x":531.93115234375,"y":111.98587036132813,"z":-156.0895233154297},"rotation":{"x":-0.13163216412067414,"y":0.007724526803940535,"z":-0.0008451506728306413,"w":-0.9914078712463379},"size":1547.46240234375,"orthographic":false}