{"cameraMode":{"drawMode":0,"name":"Shaded","section":"Shading Mode"},"sceneLighting":false,"audioPlay":false,"sceneViewState":{"showFog":true,"showMaterialUpdate":true,"showSkybox":false,"showFlares":true,"showImageEffects":true,"showParticleSystems":true},"in2DMode":false,"pivot":{"x":-26.343807220458986,"y":-94.21273803710938,"z":146.3147735595703},"rotation":{"x":0.30125153064727785,"y":-0.04543822258710861,"z":0.015474190004169941,"w":0.9526883363723755},"size":197.70680236816407,"orthographic":false}