{"cameraMode":{"drawMode":0,"name":"Shaded","section":"Shading Mode"},"sceneLighting":false,"audioPlay":false,"sceneViewState":{"showFog":true,"showMaterialUpdate":true,"showSkybox":true,"showFlares":true,"showImageEffects":true,"showParticleSystems":true},"in2DMode":false,"pivot":{"x":150.00003051757813,"y":1.0468070854585676e-7,"z":210.00003051757813},"rotation":{"x":0.002884513232856989,"y":-0.9342845678329468,"z":0.35647499561309817,"w":0.007560766767710447},"size":385.3229064941406,"orthographic":false}