{"cameraMode":{"drawMode":0,"name":"Shaded","section":"Shading Mode"},"sceneLighting":false,"audioPlay":false,"sceneViewState":{"showFog":true,"showMaterialUpdate":true,"showSkybox":false,"showFlares":true,"showImageEffects":true,"showParticleSystems":true},"in2DMode":false,"pivot":{"x":-0.27710190415382388,"y":-77.13691711425781,"z":126.17191314697266},"rotation":{"x":0.26131290197372439,"y":0.014825933612883091,"z":-0.003688645316287875,"w":0.9655088782310486},"size":175.10177612304688,"orthographic":false}