{"cameraMode":{"drawMode":0,"name":"Shaded","section":"Shading Mode"},"sceneLighting":false,"audioPlay":false,"sceneViewState":{"showFog":true,"showMaterialUpdate":true,"showSkybox":false,"showFlares":true,"showImageEffects":true,"showParticleSystems":true},"in2DMode":false,"pivot":{"x":-16.069360733032228,"y":-7.852330207824707,"z":-6.4666571617126469},"rotation":{"x":-0.23911477625370027,"y":0.5559361577033997,"z":-0.17193633317947389,"w":-0.7778632640838623},"size":29.003814697265626,"orthographic":false}