{"cameraMode":{"drawMode":0,"name":"Shaded","section":"Shading Mode"},"sceneLighting":false,"audioPlay":false,"sceneViewState":{"showFog":true,"showMaterialUpdate":true,"showSkybox":false,"showFlares":true,"showImageEffects":true,"showParticleSystems":true},"in2DMode":false,"pivot":{"x":-16.337501525878908,"y":-6.233831405639648,"z":-4.422143936157227},"rotation":{"x":-0.2338191568851471,"y":0.5075932145118713,"z":-0.14629501104354859,"w":-0.8167932033538818},"size":23.78516387939453,"orthographic":false}