{"cameraMode":{"drawMode":0,"name":"Shaded","section":"Shading Mode"},"sceneLighting":false,"audioPlay":false,"sceneViewState":{"showFog":true,"showMaterialUpdate":true,"showSkybox":false,"showFlares":true,"showImageEffects":true,"showParticleSystems":true},"in2DMode":false,"pivot":{"x":-0.2535457909107208,"y":0.6991533041000366,"z":-1.4538689851760865},"rotation":{"x":0.008646461181342602,"y":0.9904791116714478,"z":-0.07323857396841049,"w":0.11671817302703858},"size":5.2744903564453129,"orthographic":false}