{"cameraMode":{"drawMode":0,"name":"Shaded","section":"Shading Mode"},"sceneLighting":false,"audioPlay":false,"sceneViewState":{"showFog":true,"showMaterialUpdate":true,"showSkybox":false,"showFlares":true,"showImageEffects":true,"showParticleSystems":true},"in2DMode":false,"pivot":{"x":-8.990029335021973,"y":0.7532491683959961,"z":-16.809986114501954},"rotation":{"x":-0.1819438487291336,"y":0.6768130660057068,"z":-0.17946156859397889,"w":-0.6909908056259155},"size":20.686504364013673,"orthographic":false}