{"cameraMode":{"drawMode":0,"name":"Shaded","section":"Shading Mode"},"sceneLighting":false,"audioPlay":false,"sceneViewState":{"showFog":true,"showMaterialUpdate":true,"showSkybox":false,"showFlares":true,"showImageEffects":true,"showParticleSystems":true},"in2DMode":false,"pivot":{"x":-15.492445945739746,"y":-10.430834770202637,"z":-31.91791534423828},"rotation":{"x":0.030359791591763498,"y":-0.9631946682929993,"z":0.23468051850795747,"w":0.13027042150497437},"size":29.53372573852539,"orthographic":false}