{"cameraMode":{"drawMode":0,"name":"Shaded","section":"Shading Mode"},"sceneLighting":false,"audioPlay":false,"sceneViewState":{"showFog":true,"showMaterialUpdate":true,"showSkybox":true,"showFlares":true,"showImageEffects":true,"showParticleSystems":true},"in2DMode":false,"pivot":{"x":492.6325988769531,"y":103.87557983398438,"z":58.54412841796875},"rotation":{"x":0.15530821681022645,"y":-0.03625238686800003,"z":0.005707461386919022,"w":0.987467885017395},"size":882.0546875,"orthographic":false}