{"cameraMode":{"drawMode":0,"name":"Shaded","section":"Shading Mode"},"sceneLighting":false,"audioPlay":false,"sceneViewState":{"showFog":true,"showMaterialUpdate":true,"showSkybox":true,"showFlares":true,"showImageEffects":true,"showParticleSystems":true},"in2DMode":false,"pivot":{"x":200.47190856933595,"y":-156.25804138183595,"z":-17.538440704345704},"rotation":{"x":0.007387613877654076,"y":-0.9380276799201965,"z":0.3466481864452362,"w":0.01760624162852764},"size":296.6239929199219,"orthographic":false}