{"cameraMode":{"drawMode":0,"name":"Shaded","section":"Shading Mode"},"sceneLighting":false,"audioPlay":false,"sceneViewState":{"showFog":true,"showMaterialUpdate":true,"showSkybox":false,"showFlares":true,"showImageEffects":true,"showParticleSystems":true},"in2DMode":false,"pivot":{"x":-4.612001419067383,"y":0.03690177947282791,"z":19.85437774658203},"rotation":{"x":-0.08304167538881302,"y":-0.9175626039505005,"z":0.2869117259979248,"w":-0.26244649291038515},"size":53.460689544677737,"orthographic":false}