{"cameraMode":{"drawMode":0,"name":"Shaded","section":"Shading Mode"},"sceneLighting":false,"audioPlay":false,"sceneViewState":{"showFog":true,"showMaterialUpdate":true,"showSkybox":true,"showFlares":true,"showImageEffects":true,"showParticleSystems":true},"in2DMode":false,"pivot":{"x":1.1975163221359254,"y":93.30875396728516,"z":-49.251705169677737},"rotation":{"x":-0.28496840596199038,"y":-0.2532036006450653,"z":0.07841325551271439,"w":-0.9213077425956726},"size":34.35797882080078,"orthographic":false}