{"cameraMode":{"drawMode":0,"name":"Shaded","section":"Shading Mode"},"sceneLighting":false,"audioPlay":false,"sceneViewState":{"showFog":true,"showMaterialUpdate":true,"showSkybox":false,"showFlares":true,"showImageEffects":true,"showParticleSystems":true},"in2DMode":false,"pivot":{"x":68.78881072998047,"y":-96.78734588623047,"z":4.209795951843262},"rotation":{"x":0.31148383021354678,"y":0.6276176571846008,"z":-0.3004947304725647,"w":0.648051381111145},"size":201.50454711914063,"orthographic":false}