{"cameraMode":{"drawMode":0,"name":"Shaded","section":"Shading Mode"},"sceneLighting":false,"audioPlay":false,"sceneViewState":{"showFog":true,"showMaterialUpdate":true,"showSkybox":false,"showFlares":true,"showImageEffects":true,"showParticleSystems":true},"in2DMode":false,"pivot":{"x":1.4690133333206177,"y":10.466607093811036,"z":18.26400375366211},"rotation":{"x":0.008430619724094868,"y":0.9152994155883789,"z":-0.40410783886909487,"w":0.011476205661892891},"size":22.0,"orthographic":false}