{"cameraMode":{"drawMode":0,"name":"Shaded","section":"Shading Mode"},"sceneLighting":false,"audioPlay":false,"sceneViewState":{"showFog":true,"showMaterialUpdate":true,"showSkybox":false,"showFlares":true,"showImageEffects":true,"showParticleSystems":true},"in2DMode":false,"pivot":{"x":-8.809181213378907,"y":-1.5637456178665162,"z":-10.712517738342286},"rotation":{"x":0.3555568754673004,"y":-0.005944946315139532,"z":0.005774393677711487,"w":0.9352923035621643},"size":70.9062271118164,"orthographic":false}