{"cameraMode":{"drawMode":0,"name":"Shaded","section":"Shading Mode"},"sceneLighting":false,"audioPlay":false,"sceneViewState":{"showFog":true,"showMaterialUpdate":true,"showSkybox":false,"showFlares":true,"showImageEffects":true,"showParticleSystems":true},"in2DMode":false,"pivot":{"x":-1.7290985584259034,"y":1.16768479347229,"z":-1.7525488138198853},"rotation":{"x":-0.020566796883940698,"y":0.9461230039596558,"z":-0.06141575053334236,"w":-0.31742599606513979},"size":8.565048217773438,"orthographic":false}