{"cameraMode":{"drawMode":0,"name":"Shaded","section":"Shading Mode"},"sceneLighting":false,"audioPlay":false,"sceneViewState":{"showFog":true,"showMaterialUpdate":true,"showSkybox":false,"showFlares":true,"showImageEffects":true,"showParticleSystems":true},"in2DMode":false,"pivot":{"x":12.297683715820313,"y":-124.57771301269531,"z":137.41082763671876},"rotation":{"x":-0.3407077193260193,"y":-0.05827214941382408,"z":0.02138037048280239,"w":-0.938319981098175},"size":242.0074462890625,"orthographic":false}