{"cameraMode":{"drawMode":0,"name":"Shaded","section":"Shading Mode"},"sceneLighting":false,"audioPlay":false,"sceneViewState":{"showFog":true,"showMaterialUpdate":true,"showSkybox":false,"showFlares":true,"showImageEffects":true,"showParticleSystems":true},"in2DMode":false,"pivot":{"x":-0.8144509792327881,"y":-1.861778736114502,"z":13.442227363586426},"rotation":{"x":0.08170401304960251,"y":0.5912670493125916,"z":-0.058837778866291049,"w":0.8005874156951904},"size":22.492162704467775,"orthographic":false}