{"cameraMode":{"drawMode":0,"name":"Shaded","section":"Shading Mode"},"sceneLighting":false,"audioPlay":false,"sceneViewState":{"showFog":true,"showMaterialUpdate":true,"showSkybox":true,"showFlares":true,"showImageEffects":true,"showParticleSystems":true},"in2DMode":false,"pivot":{"x":194.0828399658203,"y":-100.81639862060547,"z":0.9751600623130798},"rotation":{"x":0.18237152695655824,"y":0.6769120693206787,"z":-0.17891660332679749,"w":0.6904818415641785},"size":223.93380737304688,"orthographic":false}