{"cameraMode":{"drawMode":0,"name":"Shaded","section":"Shading Mode"},"sceneLighting":false,"audioPlay":false,"sceneViewState":{"showFog":true,"showMaterialUpdate":true,"showSkybox":false,"showFlares":true,"showImageEffects":true,"showParticleSystems":true},"in2DMode":false,"pivot":{"x":-0.6580416560173035,"y":1.6338415145874024,"z":0.030965328216552736},"rotation":{"x":0.08713486790657044,"y":-0.03884487599134445,"z":0.003436812199652195,"w":0.9954748153686523},"size":1.4289418458938599,"orthographic":false}