{"cameraMode":{"drawMode":0,"name":"Shaded","section":"Shading Mode"},"sceneLighting":false,"audioPlay":false,"sceneViewState":{"showFog":true,"showMaterialUpdate":true,"showSkybox":false,"showFlares":true,"showImageEffects":true,"showParticleSystems":true},"in2DMode":false,"pivot":{"x":-17.897615432739259,"y":-89.26183319091797,"z":-13.471725463867188},"rotation":{"x":0.0019871878903359176,"y":0.834864616394043,"z":-0.5515369176864624,"w":0.001417695195414126},"size":201.50454711914063,"orthographic":false}