{"cameraMode":{"drawMode":0,"name":"Shaded","section":"Shading Mode"},"sceneLighting":false,"audioPlay":false,"sceneViewState":{"showFog":true,"showMaterialUpdate":true,"showSkybox":false,"showFlares":true,"showImageEffects":true,"showParticleSystems":true},"in2DMode":false,"pivot":{"x":-118.70977783203125,"y":-78.33271789550781,"z":-25.790672302246095},"rotation":{"x":0.20854903757572175,"y":-0.7062883377075195,"z":0.23349787294864655,"w":0.635463297367096},"size":182.5199737548828,"orthographic":false}