{"cameraMode":{"drawMode":0,"name":"Shaded","section":"Shading Mode"},"sceneLighting":false,"audioPlay":false,"sceneViewState":{"showFog":true,"showMaterialUpdate":true,"showSkybox":false,"showFlares":true,"showImageEffects":true,"showParticleSystems":true},"in2DMode":false,"pivot":{"x":-37.193729400634769,"y":-2.6355419158935549,"z":-12.513532638549805},"rotation":{"x":0.04986174404621124,"y":-0.7581163644790649,"z":0.06033356487751007,"w":0.6479541063308716},"size":29.817331314086915,"orthographic":false}