{"cameraMode":{"drawMode":0,"name":"Shaded","section":"Shading Mode"},"sceneLighting":false,"audioPlay":false,"sceneViewState":{"showFog":true,"showMaterialUpdate":true,"showSkybox":false,"showFlares":true,"showImageEffects":true,"showParticleSystems":true},"in2DMode":false,"pivot":{"x":-16.156410217285158,"y":-0.624112606048584,"z":-7.322546482086182},"rotation":{"x":-0.05689296871423721,"y":0.9342465400695801,"z":-0.3049772381782532,"w":-0.17818042635917664},"size":27.956981658935548,"orthographic":false}