{"cameraMode":{"drawMode":0,"name":"Shaded","section":"Shading Mode"},"sceneLighting":false,"audioPlay":false,"sceneViewState":{"showFog":true,"showMaterialUpdate":false,"showSkybox":false,"showFlares":true,"showImageEffects":true,"showParticleSystems":true},"in2DMode":false,"pivot":{"x":2.384185791015625e-7,"y":0.9327117204666138,"z":0.029655754566192628},"rotation":{"x":-0.016541924327611924,"y":0.9834507703781128,"z":-0.12488439679145813,"w":-0.13027335703372956},"size":3.204118013381958,"orthographic":false}