{"cameraMode":{"drawMode":0,"name":"Shaded","section":"Shading Mode"},"sceneLighting":false,"audioPlay":false,"sceneViewState":{"showFog":true,"showMaterialUpdate":true,"showSkybox":false,"showFlares":true,"showImageEffects":true,"showParticleSystems":true},"in2DMode":false,"pivot":{"x":1.5586717128753663,"y":-7.806659698486328,"z":-14.787153244018555},"rotation":{"x":-0.01713848114013672,"y":-0.9524675011634827,"z":0.2996528446674347,"w":-0.05403737351298332},"size":61.158119201660159,"orthographic":false}