{"cameraMode":{"drawMode":0,"name":"Shaded","section":"Shading Mode"},"sceneLighting":false,"audioPlay":false,"sceneViewState":{"showFog":true,"showMaterialUpdate":true,"showSkybox":false,"showFlares":true,"showImageEffects":true,"showParticleSystems":true},"in2DMode":false,"pivot":{"x":-6.4659295082092289,"y":1.1165533065795899,"z":-19.25577163696289},"rotation":{"x":-0.19358040392398835,"y":0.6365395188331604,"z":-0.1712324321269989,"w":-0.7271403074264526},"size":4.695782661437988,"orthographic":false}