{"cameraMode":{"drawMode":0,"name":"Shaded","section":"Shading Mode"},"sceneLighting":false,"audioPlay":false,"sceneViewState":{"showFog":true,"showMaterialUpdate":true,"showSkybox":false,"showFlares":true,"showImageEffects":true,"showParticleSystems":true},"in2DMode":false,"pivot":{"x":6.705434322357178,"y":2.8588616847991945,"z":-9.387930870056153},"rotation":{"x":-0.001633423613384366,"y":-0.9700728058815002,"z":-0.003910121042281389,"w":0.2438431680202484},"size":6.074827671051025,"orthographic":false}