{"cameraMode":{"drawMode":0,"name":"Shaded","section":"Shading Mode"},"sceneLighting":false,"audioPlay":false,"sceneViewState":{"showFog":true,"showMaterialUpdate":true,"showSkybox":false,"showFlares":true,"showImageEffects":true,"showParticleSystems":true},"in2DMode":false,"pivot":{"x":17.282886505126954,"y":23.911779403686525,"z":-8.964624404907227},"rotation":{"x":0.2711373567581177,"y":-0.6362574696540833,"z":0.257110595703125,"w":0.6754468083381653},"size":27.875511169433595,"orthographic":false}