{"cameraMode":{"drawMode":0,"name":"Shaded","section":"Shading Mode"},"sceneLighting":true,"audioPlay":false,"sceneViewState":{"showFog":true,"showMaterialUpdate":true,"showSkybox":true,"showFlares":true,"showImageEffects":true,"showParticleSystems":true},"in2DMode":false,"pivot":{"x":-105.02666473388672,"y":-55.193641662597659,"z":-117.70645141601563},"rotation":{"x":0.1650700867176056,"y":-0.7528451085090637,"z":0.20622889697551728,"w":0.6029781699180603},"size":318.7634582519531,"orthographic":false}