{"cameraMode":{"drawMode":0,"name":"Shaded","section":"Shading Mode"},"sceneLighting":false,"audioPlay":false,"sceneViewState":{"showFog":true,"showMaterialUpdate":false,"showSkybox":false,"showFlares":true,"showImageEffects":true,"showParticleSystems":true},"in2DMode":false,"pivot":{"x":-7.450580596923828e-8,"y":0.40896183252334597,"z":0.0},"rotation":{"x":-0.016541924327611924,"y":0.9834507703781128,"z":-0.12488439679145813,"w":-0.13027335703372956},"size":2.0286104679107668,"orthographic":false}