{"cameraMode":{"drawMode":0,"name":"Shaded","section":"Shading Mode"},"sceneLighting":false,"audioPlay":false,"sceneViewState":{"showFog":true,"showMaterialUpdate":true,"showSkybox":false,"showFlares":true,"showImageEffects":true,"showParticleSystems":true},"in2DMode":false,"pivot":{"x":-21.087303161621095,"y":-8.421371459960938,"z":-13.401837348937989},"rotation":{"x":0.22347934544086457,"y":-0.6883074045181274,"z":0.23911352455615998,"w":0.647917628288269},"size":60.04179382324219,"orthographic":false}