{"cameraMode":{"drawMode":0,"name":"Shaded","section":"Shading Mode"},"sceneLighting":false,"audioPlay":false,"sceneViewState":{"showFog":true,"showMaterialUpdate":true,"showSkybox":false,"showFlares":true,"showImageEffects":true,"showParticleSystems":true},"in2DMode":false,"pivot":{"x":-509.7202453613281,"y":-176.7775421142578,"z":-282.2005615234375},"rotation":{"x":0.07824644446372986,"y":-0.8453798294067383,"z":0.13120703399181367,"w":0.5124828219413757},"size":596.5361328125,"orthographic":false}