{"cameraMode":{"drawMode":0,"name":"Shaded","section":"Shading Mode"},"sceneLighting":false,"audioPlay":false,"sceneViewState":{"showFog":true,"showMaterialUpdate":true,"showSkybox":false,"showFlares":true,"showImageEffects":true,"showParticleSystems":true},"in2DMode":false,"pivot":{"x":24.57123374938965,"y":-4.846336364746094,"z":5.760046005249023},"rotation":{"x":0.07206354290246964,"y":0.6204603910446167,"z":-0.0567416176199913,"w":0.7793837189674377},"size":27.07028579711914,"orthographic":false}