{"cameraMode":{"drawMode":0,"name":"Shaded","section":"Shading Mode"},"sceneLighting":false,"audioPlay":false,"sceneViewState":{"showFog":true,"showMaterialUpdate":true,"showSkybox":false,"showFlares":true,"showImageEffects":true,"showParticleSystems":true},"in2DMode":false,"pivot":{"x":69.29705810546875,"y":-94.55554962158203,"z":120.60326385498047},"rotation":{"x":0.2765805423259735,"y":0.3197290599346161,"z":-0.09686940163373947,"w":0.9014266729354858},"size":197.70680236816407,"orthographic":false}