{"cameraMode":{"drawMode":0,"name":"Shaded","section":"Shading Mode"},"sceneLighting":false,"audioPlay":false,"sceneViewState":{"showFog":true,"showMaterialUpdate":true,"showSkybox":false,"showFlares":true,"showImageEffects":true,"showParticleSystems":true},"in2DMode":false,"pivot":{"x":-131.0919189453125,"y":-137.00047302246095,"z":-30.561294555664064},"rotation":{"x":0.26687580347061159,"y":-0.6919288039207459,"z":0.3125038146972656,"w":0.5942868590354919},"size":224.89646911621095,"orthographic":false}