{"cameraMode":{"drawMode":0,"name":"Shaded","section":"Shading Mode"},"sceneLighting":false,"audioPlay":false,"sceneViewState":{"showFog":true,"showMaterialUpdate":true,"showSkybox":true,"showFlares":true,"showImageEffects":true,"showParticleSystems":true},"in2DMode":false,"pivot":{"x":10.422219276428223,"y":-30.463443756103517,"z":-111.56048583984375},"rotation":{"x":0.21358367800712586,"y":-0.6402754783630371,"z":0.19208818674087525,"w":0.7126439213752747},"size":180.70956420898438,"orthographic":false}