{"cameraMode":{"drawMode":0,"name":"Shaded","section":"Shading Mode"},"sceneLighting":false,"audioPlay":false,"sceneViewState":{"showFog":true,"showMaterialUpdate":true,"showSkybox":false,"showFlares":true,"showImageEffects":true,"showParticleSystems":true},"in2DMode":false,"pivot":{"x":6.006630897521973,"y":-6.4865617752075199,"z":-16.79338836669922},"rotation":{"x":0.19775062799453736,"y":-0.6882888674736023,"z":0.20389355719089509,"w":0.667533814907074},"size":82.06363677978516,"orthographic":false}