{"cameraMode":{"drawMode":0,"name":"Shaded","section":"Shading Mode"},"sceneLighting":false,"audioPlay":false,"sceneViewState":{"showFog":true,"showMaterialUpdate":true,"showSkybox":false,"showFlares":true,"showImageEffects":true,"showParticleSystems":true},"in2DMode":false,"pivot":{"x":21.03782844543457,"y":-15.554819107055664,"z":16.07306671142578},"rotation":{"x":-0.22822998464107514,"y":-0.4113946855068207,"z":0.10758833587169647,"w":-0.8761588335037231},"size":38.53330612182617,"orthographic":false}