{"cameraMode":{"drawMode":0,"name":"Shaded","section":"Shading Mode"},"sceneLighting":false,"audioPlay":false,"sceneViewState":{"showFog":true,"showMaterialUpdate":true,"showSkybox":true,"showFlares":true,"showImageEffects":true,"showParticleSystems":true},"in2DMode":false,"pivot":{"x":-13.412999153137207,"y":0.8000001907348633,"z":-123.67665100097656},"rotation":{"x":0.2997380197048187,"y":-0.049996934831142429,"z":0.015956025570631028,"w":0.9527492523193359},"size":5.388281345367432,"orthographic":false}