{"cameraMode":{"drawMode":0,"name":"Shaded","section":"Shading Mode"},"sceneLighting":false,"audioPlay":false,"sceneViewState":{"showFog":true,"showMaterialUpdate":true,"showSkybox":false,"showFlares":true,"showImageEffects":true,"showParticleSystems":true},"in2DMode":false,"pivot":{"x":71.3781509399414,"y":-15.616179466247559,"z":17.58804702758789},"rotation":{"x":0.10220079869031906,"y":0.6446351408958435,"z":-0.08589011430740357,"w":0.7535347938537598},"size":201.50454711914063,"orthographic":false}