{"cameraMode":{"drawMode":0,"name":"Shaded","section":"Shading Mode"},"sceneLighting":false,"audioPlay":false,"sceneViewState":{"showFog":true,"showMaterialUpdate":true,"showSkybox":false,"showFlares":true,"showImageEffects":true,"showParticleSystems":true},"in2DMode":false,"pivot":{"x":-1.0220526456832886,"y":-27.828351974487306,"z":-60.195980072021487},"rotation":{"x":0.010895360261201859,"y":0.9841924905776978,"z":-0.16572441160678864,"w":0.06566063314676285},"size":107.30233764648438,"orthographic":false}