{"cameraMode":{"drawMode":0,"name":"Shaded","section":"Shading Mode"},"sceneLighting":false,"audioPlay":false,"sceneViewState":{"showFog":true,"showMaterialUpdate":true,"showSkybox":false,"showFlares":true,"showImageEffects":true,"showParticleSystems":true},"in2DMode":false,"pivot":{"x":150.1286163330078,"y":-69.00370025634766,"z":98.99795532226563},"rotation":{"x":0.15630169212818147,"y":0.5009604096412659,"z":-0.09103425592184067,"w":0.8467615246772766},"size":200.8228759765625,"orthographic":false}