{"cameraMode":{"drawMode":0,"name":"Shaded","section":"Shading Mode"},"sceneLighting":false,"audioPlay":false,"sceneViewState":{"showFog":true,"showMaterialUpdate":true,"showSkybox":false,"showFlares":true,"showImageEffects":true,"showParticleSystems":true},"in2DMode":false,"pivot":{"x":149.688232421875,"y":-76.97527313232422,"z":32.583892822265628},"rotation":{"x":0.1996333748102188,"y":0.6113206148147583,"z":-0.161852166056633,"w":0.7490177750587463},"size":211.67369079589845,"orthographic":false}