{"cameraMode":{"drawMode":0,"name":"Shaded","section":"Shading Mode"},"sceneLighting":false,"audioPlay":false,"sceneViewState":{"showFog":true,"showMaterialUpdate":true,"showSkybox":false,"showFlares":true,"showImageEffects":true,"showParticleSystems":true},"in2DMode":false,"pivot":{"x":-16.3799991607666,"y":1.00600004196167,"z":5.565000534057617},"rotation":{"x":-0.14753521978855134,"y":0.09678314626216889,"z":-0.015239231288433075,"w":-0.9845595359802246},"size":5.7157673835754398,"orthographic":false}