{"cameraMode":{"drawMode":0,"name":"Shaded","section":"Shading Mode"},"sceneLighting":false,"audioPlay":false,"sceneViewState":{"showFog":true,"showMaterialUpdate":true,"showSkybox":true,"showFlares":true,"showImageEffects":true,"showParticleSystems":true},"in2DMode":false,"pivot":{"x":43.36244201660156,"y":-187.0008544921875,"z":613.0467529296875},"rotation":{"x":0.15271350741386414,"y":0.016312159597873689,"z":-0.002503913128748536,"w":0.9882839322090149},"size":746.53662109375,"orthographic":false}