{"cameraMode":{"drawMode":0,"name":"Shaded","section":"Shading Mode"},"sceneLighting":true,"audioPlay":false,"sceneViewState":{"showFog":true,"showMaterialUpdate":true,"showSkybox":true,"showFlares":true,"showImageEffects":true,"showParticleSystems":true},"in2DMode":false,"pivot":{"x":0.9862902760505676,"y":8.627460479736329,"z":-33.18442916870117},"rotation":{"x":0.1882331371307373,"y":0.12046995013952255,"z":-0.023236088454723359,"w":0.9744726419448853},"size":6.458342552185059,"orthographic":false}