{"cameraMode":{"drawMode":0,"name":"Shaded","section":"Shading Mode"},"sceneLighting":false,"audioPlay":false,"sceneViewState":{"showFog":true,"showMaterialUpdate":true,"showSkybox":true,"showFlares":true,"showImageEffects":true,"showParticleSystems":true},"in2DMode":false,"pivot":{"x":-13.139241218566895,"y":212.9577178955078,"z":280.9471130371094},"rotation":{"x":0.29611751437187197,"y":0.6133537888526917,"z":-0.26619231700897219,"w":0.6821874976158142},"size":203.8733367919922,"orthographic":false}