{"cameraMode":{"drawMode":0,"name":"Shaded","section":"Shading Mode"},"sceneLighting":false,"audioPlay":false,"sceneViewState":{"showFog":true,"showMaterialUpdate":true,"showSkybox":false,"showFlares":true,"showImageEffects":true,"showParticleSystems":true},"in2DMode":false,"pivot":{"x":0.0,"y":-0.15477731823921204,"z":6.109476089477539e-7},"rotation":{"x":0.060651518404483798,"y":0.5501371026039124,"z":-0.03661564365029335,"w":0.8327381610870361},"size":0.8781419992446899,"orthographic":false}