{"cameraMode":{"drawMode":0,"name":"Shaded","section":"Shading Mode"},"sceneLighting":false,"audioPlay":false,"sceneViewState":{"showFog":true,"showMaterialUpdate":true,"showSkybox":false,"showFlares":true,"showImageEffects":true,"showParticleSystems":true},"in2DMode":false,"pivot":{"x":11.8853120803833,"y":1.9216973781585694,"z":1.7496390342712403},"rotation":{"x":-0.1276022493839264,"y":0.7704107165336609,"z":-0.16724786162376405,"w":-0.6028242111206055},"size":0.6492811441421509,"orthographic":false}