{"cameraMode":{"drawMode":0,"name":"Shaded","section":"Shading Mode"},"sceneLighting":false,"audioPlay":false,"sceneViewState":{"showFog":true,"showMaterialUpdate":true,"showSkybox":false,"showFlares":true,"showImageEffects":true,"showParticleSystems":true},"in2DMode":false,"pivot":{"x":-19.187114715576173,"y":-0.6061029434204102,"z":-21.644588470458986},"rotation":{"x":-0.3070344924926758,"y":-0.25754427909851076,"z":0.08574321120977402,"w":-0.9126005172729492},"size":11.343103408813477,"orthographic":false}