{"cameraMode":{"drawMode":0,"name":"Shaded","section":"Shading Mode"},"sceneLighting":false,"audioPlay":false,"sceneViewState":{"showFog":true,"showMaterialUpdate":true,"showSkybox":false,"showFlares":true,"showImageEffects":true,"showParticleSystems":true},"in2DMode":false,"pivot":{"x":-13.329681396484375,"y":-15.633703231811524,"z":81.6213607788086},"rotation":{"x":0.12002339214086533,"y":0.03586878627538681,"z":-0.0033376552164554598,"w":0.9924664497375488},"size":77.55862426757813,"orthographic":false}