{"cameraMode":{"drawMode":0,"name":"Shaded","section":"Shading Mode"},"sceneLighting":false,"audioPlay":false,"sceneViewState":{"showFog":true,"showMaterialUpdate":true,"showSkybox":false,"showFlares":true,"showImageEffects":true,"showParticleSystems":true},"in2DMode":false,"pivot":{"x":3.1463353633880617,"y":-74.5233383178711,"z":-138.3728790283203},"rotation":{"x":0.02032294124364853,"y":0.9550222754478455,"z":-0.290985643863678,"w":0.06360454857349396},"size":152.86395263671876,"orthographic":false}