{"cameraMode":{"drawMode":0,"name":"Shaded","section":"Shading Mode"},"sceneLighting":false,"audioPlay":false,"sceneViewState":{"showFog":true,"showMaterialUpdate":true,"showSkybox":false,"showFlares":true,"showImageEffects":true,"showParticleSystems":true},"in2DMode":false,"pivot":{"x":0.13301850855350495,"y":0.7524096965789795,"z":-3.610316038131714},"rotation":{"x":0.06474252790212631,"y":0.028435228392481805,"z":-0.0018269368447363377,"w":0.9975500702857971},"size":2.8744897842407228,"orthographic":false}