{"cameraMode":{"drawMode":0,"name":"Shaded","section":"Shading Mode"},"sceneLighting":false,"audioPlay":false,"sceneViewState":{"showFog":true,"showMaterialUpdate":true,"showSkybox":false,"showFlares":true,"showImageEffects":true,"showParticleSystems":true},"in2DMode":false,"pivot":{"x":-98.62627410888672,"y":-828.956298828125,"z":-697.0645141601563},"rotation":{"x":-0.03415655717253685,"y":0.9039308428764343,"z":-0.42047247290611269,"w":-0.07566940039396286},"size":1151.538818359375,"orthographic":false}