{"cameraMode":{"drawMode":0,"name":"Shaded","section":"Shading Mode"},"sceneLighting":false,"audioPlay":false,"sceneViewState":{"showFog":true,"showMaterialUpdate":true,"showSkybox":false,"showFlares":true,"showImageEffects":true,"showParticleSystems":true},"in2DMode":false,"pivot":{"x":-6.4659295082092289,"y":1.1165533065795899,"z":-19.25577163696289},"rotation":{"x":-0.01645265705883503,"y":0.9826316237449646,"z":-0.12795257568359376,"w":-0.1360258013010025},"size":31.483673095703126,"orthographic":false}