{"cameraMode":{"drawMode":0,"name":"Shaded","section":"Shading Mode"},"sceneLighting":false,"audioPlay":false,"sceneViewState":{"showFog":true,"showMaterialUpdate":false,"showSkybox":false,"showFlares":true,"showImageEffects":true,"showParticleSystems":true},"in2DMode":false,"pivot":{"x":0.006569519639015198,"y":-0.1428910493850708,"z":-0.015249252319335938},"rotation":{"x":-0.016541924327611924,"y":0.9834507703781128,"z":-0.12488439679145813,"w":-0.13027335703372956},"size":3.0390052795410158,"orthographic":false}