{"cameraMode":{"drawMode":0,"name":"Shaded","section":"Shading Mode"},"sceneLighting":false,"audioPlay":false,"sceneViewState":{"showFog":true,"showMaterialUpdate":true,"showSkybox":false,"showFlares":true,"showImageEffects":true,"showParticleSystems":true},"in2DMode":false,"pivot":{"x":-18.16999626159668,"y":2.6399998664855959,"z":-19.913148880004884},"rotation":{"x":0.08713486790657044,"y":-0.03884487599134445,"z":0.003436812199652195,"w":0.9954748153686523},"size":28.204147338867189,"orthographic":false}