{"cameraMode":{"drawMode":0,"name":"Shaded","section":"Shading Mode"},"sceneLighting":false,"audioPlay":false,"sceneViewState":{"showFog":true,"showMaterialUpdate":true,"showSkybox":false,"showFlares":true,"showImageEffects":true,"showParticleSystems":true},"in2DMode":false,"pivot":{"x":-28.526508331298829,"y":-12.704116821289063,"z":-14.16391658782959},"rotation":{"x":-0.18599331378936768,"y":0.7038212418556213,"z":-0.20168204605579377,"w":-0.6557981371879578},"size":53.737125396728519,"orthographic":false}