{"cameraMode":{"drawMode":0,"name":"Shaded","section":"Shading Mode"},"sceneLighting":false,"audioPlay":false,"sceneViewState":{"showFog":true,"showMaterialUpdate":true,"showSkybox":false,"showFlares":true,"showImageEffects":true,"showParticleSystems":true},"in2DMode":false,"pivot":{"x":17.446491241455079,"y":25.778182983398439,"z":37.72520065307617},"rotation":{"x":-0.023773355409502984,"y":0.9303879737854004,"z":-0.36019447445869448,"w":-0.0638979896903038},"size":41.0522346496582,"orthographic":false}