{"cameraMode":{"drawMode":0,"name":"Shaded","section":"Shading Mode"},"sceneLighting":false,"audioPlay":false,"sceneViewState":{"showFog":true,"showMaterialUpdate":true,"showSkybox":false,"showFlares":true,"showImageEffects":true,"showParticleSystems":true},"in2DMode":false,"pivot":{"x":-1.4901161193847657e-8,"y":2.183687448501587,"z":0.7019457221031189},"rotation":{"x":0.010617413558065892,"y":-0.9041267037391663,"z":0.02353401482105255,"w":0.42706435918807986},"size":7.772481918334961,"orthographic":false}