{"cameraMode":{"drawMode":0,"name":"Shaded","section":"Shading Mode"},"sceneLighting":false,"audioPlay":false,"sceneViewState":{"showFog":true,"showMaterialUpdate":true,"showSkybox":true,"showFlares":true,"showImageEffects":true,"showParticleSystems":true},"in2DMode":false,"pivot":{"x":73.83089447021485,"y":-116.48617553710938,"z":-242.4569549560547},"rotation":{"x":0.030526872724294664,"y":0.9647877216339111,"z":-0.22724297642707826,"w":0.12987546622753144},"size":290.440185546875,"orthographic":false}