{"cameraMode":{"drawMode":0,"name":"Shaded","section":"Shading Mode"},"sceneLighting":false,"audioPlay":false,"sceneViewState":{"showFog":true,"showMaterialUpdate":true,"showSkybox":true,"showFlares":true,"showImageEffects":true,"showParticleSystems":true},"in2DMode":false,"pivot":{"x":121.30887603759766,"y":70.13665771484375,"z":11.663291931152344},"rotation":{"x":0.15127131342887879,"y":-0.7678728699684143,"z":0.1968136727809906,"w":0.5908332467079163},"size":136.53396606445313,"orthographic":false}