{"cameraMode":{"drawMode":0,"name":"Shaded","section":"Shading Mode"},"sceneLighting":false,"audioPlay":false,"sceneViewState":{"showFog":true,"showMaterialUpdate":true,"showSkybox":false,"showFlares":true,"showImageEffects":true,"showParticleSystems":true},"in2DMode":false,"pivot":{"x":-0.23851631581783296,"y":-9.029343605041504,"z":18.492618560791017},"rotation":{"x":0.26715537905693056,"y":-0.007903525605797768,"z":0.005595049355179071,"w":0.9642585515975952},"size":52.10391616821289,"orthographic":false}