{"cameraMode":{"drawMode":0,"name":"Shaded","section":"Shading Mode"},"sceneLighting":false,"audioPlay":false,"sceneViewState":{"showFog":true,"showMaterialUpdate":true,"showSkybox":true,"showFlares":true,"showImageEffects":true,"showParticleSystems":true},"in2DMode":false,"pivot":{"x":-91.67509460449219,"y":-123.54214477539063,"z":-201.240234375},"rotation":{"x":-0.037456460297107699,"y":0.9526475071907044,"z":-0.12775860726833344,"w":-0.2742144465446472},"size":569.8355712890625,"orthographic":false}