{"cameraMode":{"drawMode":0,"name":"Shaded","section":"Shading Mode"},"sceneLighting":false,"audioPlay":false,"sceneViewState":{"showFog":true,"showMaterialUpdate":true,"showSkybox":false,"showFlares":true,"showImageEffects":true,"showParticleSystems":true},"in2DMode":false,"pivot":{"x":24.113073348999025,"y":-1.478757381439209,"z":29.597923278808595},"rotation":{"x":0.12105677276849747,"y":0.09405405074357987,"z":-0.011056872084736824,"w":0.9885333776473999},"size":27.401535034179689,"orthographic":false}