{"cameraMode":{"drawMode":0,"name":"Shaded","section":"Shading Mode"},"sceneLighting":false,"audioPlay":false,"sceneViewState":{"showFog":true,"showMaterialUpdate":true,"showSkybox":false,"showFlares":true,"showImageEffects":true,"showParticleSystems":true},"in2DMode":false,"pivot":{"x":183.40882873535157,"y":-82.69696807861328,"z":-19.366247177124025},"rotation":{"x":-0.1346183866262436,"y":-0.7021642923355103,"z":0.13579341769218446,"w":-0.6864661574363709},"size":231.23641967773438,"orthographic":false}