{"cameraMode":{"drawMode":0,"name":"Shaded","section":"Shading Mode"},"sceneLighting":false,"audioPlay":false,"sceneViewState":{"showFog":true,"showMaterialUpdate":true,"showSkybox":false,"showFlares":true,"showImageEffects":true,"showParticleSystems":true},"in2DMode":false,"pivot":{"x":-46.97639846801758,"y":-22.602571487426759,"z":-13.48267650604248},"rotation":{"x":-0.18046535551548005,"y":0.7109504342079163,"z":-0.19890835881233216,"w":-0.6504737734794617},"size":83.07681274414063,"orthographic":false}