{"cameraMode":{"drawMode":0,"name":"Shaded","section":"Shading Mode"},"sceneLighting":false,"audioPlay":false,"sceneViewState":{"showFog":true,"showMaterialUpdate":true,"showSkybox":false,"showFlares":true,"showImageEffects":true,"showParticleSystems":true},"in2DMode":false,"pivot":{"x":8.034937858581543,"y":-2.480762481689453,"z":13.576135635375977},"rotation":{"x":0.16101665794849397,"y":0.303027480840683,"z":-0.05154562368988991,"w":0.938302218914032},"size":27.401533126831056,"orthographic":false}