{"cameraMode":{"drawMode":0,"name":"Shaded","section":"Shading Mode"},"sceneLighting":false,"audioPlay":false,"sceneViewState":{"showFog":true,"showMaterialUpdate":true,"showSkybox":false,"showFlares":true,"showImageEffects":true,"showParticleSystems":true},"in2DMode":false,"pivot":{"x":-9.497674942016602,"y":-3.619718074798584,"z":13.758845329284668},"rotation":{"x":0.29156726598739626,"y":0.021863562986254693,"z":-0.0054796780459582809,"w":0.9566371440887451},"size":22.053573608398439,"orthographic":false}