{"cameraMode":{"drawMode":0,"name":"Shaded","section":"Shading Mode"},"sceneLighting":false,"audioPlay":false,"sceneViewState":{"showFog":true,"showMaterialUpdate":true,"showSkybox":true,"showFlares":true,"showImageEffects":true,"showParticleSystems":true},"in2DMode":false,"pivot":{"x":14.088674545288086,"y":1.761683464050293,"z":-9.663753509521485},"rotation":{"x":0.011538582853972912,"y":-0.2746790945529938,"z":0.003312162822112441,"w":0.9617515802383423},"size":2.4249954223632814,"orthographic":false}