{"cameraMode":{"drawMode":0,"name":"Shaded","section":"Shading Mode"},"sceneLighting":false,"audioPlay":false,"sceneViewState":{"showFog":true,"showMaterialUpdate":true,"showSkybox":true,"showFlares":true,"showImageEffects":true,"showParticleSystems":true},"in2DMode":false,"pivot":{"x":-181.9708709716797,"y":12.041467666625977,"z":-9.567232131958008},"rotation":{"x":0.20620165765285493,"y":0.4856524169445038,"z":-0.11895044893026352,"w":0.8413407206535339},"size":64.28633880615235,"orthographic":false}