{"cameraMode":{"drawMode":0,"name":"Shaded","section":"Shading Mode"},"sceneLighting":false,"audioPlay":false,"sceneViewState":{"showFog":true,"showMaterialUpdate":true,"showSkybox":true,"showFlares":true,"showImageEffects":true,"showParticleSystems":true},"in2DMode":false,"pivot":{"x":225.52426147460938,"y":-92.51356506347656,"z":-40.56887435913086},"rotation":{"x":-0.054351720958948138,"y":-0.9222654700279236,"z":0.3569943606853485,"w":-0.14058122038841248},"size":263.96142578125,"orthographic":false}