{"cameraMode":{"drawMode":0,"name":"Shaded","section":"Shading Mode"},"sceneLighting":false,"audioPlay":false,"sceneViewState":{"showFog":true,"showMaterialUpdate":true,"showSkybox":true,"showFlares":true,"showImageEffects":true,"showParticleSystems":true},"in2DMode":false,"pivot":{"x":114.65158081054688,"y":-249.3007354736328,"z":-93.82852935791016},"rotation":{"x":-0.05894269421696663,"y":-0.9123054146766663,"z":0.3798120319843292,"w":-0.14152216911315919},"size":527.6305541992188,"orthographic":false}