{"cameraMode":{"drawMode":0,"name":"Shaded","section":"Shading Mode"},"sceneLighting":false,"audioPlay":false,"sceneViewState":{"showFog":true,"showMaterialUpdate":true,"showSkybox":true,"showFlares":true,"showImageEffects":true,"showParticleSystems":true},"in2DMode":false,"pivot":{"x":115.54570007324219,"y":128.167236328125,"z":219.75430297851563},"rotation":{"x":0.3714016377925873,"y":0.16468128561973573,"z":-0.06724697351455689,"w":0.911357581615448},"size":741.92724609375,"orthographic":false}