{"cameraMode":{"drawMode":0,"name":"Shaded","section":"Shading Mode"},"sceneLighting":false,"audioPlay":false,"sceneViewState":{"showFog":true,"showMaterialUpdate":true,"showSkybox":true,"showFlares":true,"showImageEffects":true,"showParticleSystems":true},"in2DMode":false,"pivot":{"x":89.40251922607422,"y":-50.695045471191409,"z":219.4356231689453},"rotation":{"x":-0.357201486825943,"y":-0.2059784233570099,"z":0.08123748004436493,"w":-0.9075577855110169},"size":646.8817138671875,"orthographic":false}