{"cameraMode":{"drawMode":0,"name":"Shaded","section":"Shading Mode"},"sceneLighting":false,"audioPlay":false,"sceneViewState":{"showFog":true,"showMaterialUpdate":true,"showSkybox":false,"showFlares":true,"showImageEffects":true,"showParticleSystems":true},"in2DMode":false,"pivot":{"x":-6.859720230102539,"y":-97.00733184814453,"z":69.34758758544922},"rotation":{"x":-0.4094623625278473,"y":-0.0022346265614032747,"z":0.0008990285568870604,"w":-0.9124566912651062},"size":207.9613800048828,"orthographic":false}