{"cameraMode":{"drawMode":0,"name":"Shaded","section":"Shading Mode"},"sceneLighting":false,"audioPlay":false,"sceneViewState":{"showFog":true,"showMaterialUpdate":true,"showSkybox":true,"showFlares":true,"showImageEffects":true,"showParticleSystems":true},"in2DMode":false,"pivot":{"x":500.72320556640627,"y":154.05038452148438,"z":0.0},"rotation":{"x":0.2953979969024658,"y":0.0545000322163105,"z":-0.016636602580547334,"w":0.953845739364624},"size":232.21688842773438,"orthographic":false}