{"cameraMode":{"drawMode":0,"name":"Shaded","section":"Shading Mode"},"sceneLighting":false,"audioPlay":false,"sceneViewState":{"showFog":true,"showMaterialUpdate":true,"showSkybox":false,"showFlares":true,"showImageEffects":true,"showParticleSystems":true},"in2DMode":false,"pivot":{"x":-0.485324889421463,"y":0.8147026896476746,"z":1.4587864875793458},"rotation":{"x":-0.14587408304214478,"y":-0.09145836532115936,"z":0.013654207810759545,"w":-0.9852429032325745},"size":4.771486759185791,"orthographic":false}