{"cameraMode":{"drawMode":0,"name":"Shaded","section":"Shading Mode"},"sceneLighting":false,"audioPlay":false,"sceneViewState":{"showFog":true,"showMaterialUpdate":true,"showSkybox":false,"showFlares":true,"showImageEffects":true,"showParticleSystems":true},"in2DMode":false,"pivot":{"x":16.38418197631836,"y":-12.29711627960205,"z":51.02475357055664},"rotation":{"x":0.13468541204929353,"y":0.3450891971588135,"z":-0.04639386013150215,"w":0.9283759593963623},"size":146.93434143066407,"orthographic":false}