{"cameraMode":{"drawMode":0,"name":"Shaded","section":"Shading Mode"},"sceneLighting":false,"audioPlay":false,"sceneViewState":{"showFog":true,"showMaterialUpdate":true,"showSkybox":true,"showFlares":true,"showImageEffects":true,"showParticleSystems":true},"in2DMode":false,"pivot":{"x":100.22904205322266,"y":62.942413330078128,"z":135.11480712890626},"rotation":{"x":0.08256185799837113,"y":-0.7941200137138367,"z":0.591873288154602,"w":0.11076638102531433},"size":232.81744384765626,"orthographic":false}