{"cameraMode":{"drawMode":0,"name":"Shaded","section":"Shading Mode"},"sceneLighting":false,"audioPlay":false,"sceneViewState":{"showFog":true,"showMaterialUpdate":true,"showSkybox":false,"showFlares":true,"showImageEffects":true,"showParticleSystems":true},"in2DMode":false,"pivot":{"x":-55.04143524169922,"y":-27.9528751373291,"z":51.33023452758789},"rotation":{"x":-0.2129155546426773,"y":0.32710492610931399,"z":-0.07701464742422104,"w":-0.9178441166877747},"size":86.81526947021485,"orthographic":false}