{"cameraMode":{"drawMode":0,"name":"Shaded","section":"Shading Mode"},"sceneLighting":false,"audioPlay":false,"sceneViewState":{"showFog":true,"showMaterialUpdate":true,"showSkybox":true,"showFlares":true,"showImageEffects":true,"showParticleSystems":true},"in2DMode":false,"pivot":{"x":2.2598025798797609,"y":9.268716812133789,"z":26.26521110534668},"rotation":{"x":0.0031766260508447887,"y":0.9696500301361084,"z":-0.24502046406269074,"w":0.014799651689827443},"size":1.325031042098999,"orthographic":false}