{"cameraMode":{"drawMode":0,"name":"Shaded","section":"Shading Mode"},"sceneLighting":false,"audioPlay":false,"sceneViewState":{"showFog":true,"showMaterialUpdate":true,"showSkybox":false,"showFlares":true,"showImageEffects":true,"showParticleSystems":true},"in2DMode":false,"pivot":{"x":-25.0762939453125,"y":-14.317610740661621,"z":45.10951232910156},"rotation":{"x":0.220340758562088,"y":-0.03927598521113396,"z":0.009935575537383557,"w":0.9749327301979065},"size":65.567138671875,"orthographic":false}