{"cameraMode":{"drawMode":0,"name":"Shaded","section":"Shading Mode"},"sceneLighting":false,"audioPlay":false,"sceneViewState":{"showFog":true,"showMaterialUpdate":true,"showSkybox":true,"showFlares":true,"showImageEffects":true,"showParticleSystems":true},"in2DMode":false,"pivot":{"x":-11.804450988769532,"y":-53.87849044799805,"z":-52.68328857421875},"rotation":{"x":0.08297412842512131,"y":-0.9167457222938538,"z":0.29299235343933108,"w":0.2599417269229889},"size":203.4590606689453,"orthographic":false}