{"cameraMode":{"drawMode":0,"name":"Shaded","section":"Shading Mode"},"sceneLighting":false,"audioPlay":false,"sceneViewState":{"showFog":true,"showMaterialUpdate":true,"showSkybox":false,"showFlares":true,"showImageEffects":true,"showParticleSystems":true},"in2DMode":false,"pivot":{"x":150.0,"y":0.6528981924057007,"z":150.020751953125},"rotation":{"x":0.11659974604845047,"y":0.7527077794075012,"z":-0.13977590203285218,"w":0.633057713508606},"size":3.5028841495513918,"orthographic":false}