{"cameraMode":{"drawMode":0,"name":"Shaded","section":"Shading Mode"},"sceneLighting":false,"audioPlay":false,"sceneViewState":{"showFog":true,"showMaterialUpdate":true,"showSkybox":false,"showFlares":true,"showImageEffects":true,"showParticleSystems":true},"in2DMode":false,"pivot":{"x":-11.77087688446045,"y":-5.288524627685547,"z":24.015329360961915},"rotation":{"x":0.17622245848178864,"y":0.19090047478675843,"z":-0.033631760627031329,"w":0.9654249548912048},"size":28.7194881439209,"orthographic":false}