{"cameraMode":{"drawMode":0,"name":"Shaded","section":"Shading Mode"},"sceneLighting":false,"audioPlay":false,"sceneViewState":{"showFog":true,"showMaterialUpdate":true,"showSkybox":false,"showFlares":true,"showImageEffects":true,"showParticleSystems":true},"in2DMode":false,"pivot":{"x":-75.25868225097656,"y":-45.593509674072269,"z":-20.743799209594728},"rotation":{"x":0.21149101853370667,"y":-0.7067354321479797,"z":0.23850922286510468,"w":0.6321415305137634},"size":112.80430603027344,"orthographic":false}