{"cameraMode":{"drawMode":0,"name":"Shaded","section":"Shading Mode"},"sceneLighting":false,"audioPlay":false,"sceneViewState":{"showFog":true,"showMaterialUpdate":false,"showSkybox":false,"showFlares":true,"showImageEffects":true,"showParticleSystems":true},"in2DMode":false,"pivot":{"x":0.01465463638305664,"y":0.5917353630065918,"z":-0.23941904306411744},"rotation":{"x":-0.016541924327611924,"y":0.9834507703781128,"z":-0.12488439679145813,"w":-0.13027335703372956},"size":3.1260488033294679,"orthographic":false}