{"cameraMode":{"drawMode":0,"name":"Shaded","section":"Shading Mode"},"sceneLighting":false,"audioPlay":false,"sceneViewState":{"showFog":true,"showMaterialUpdate":true,"showSkybox":false,"showFlares":true,"showImageEffects":true,"showParticleSystems":true},"in2DMode":false,"pivot":{"x":118.03194427490235,"y":-61.156917572021487,"z":139.0673065185547},"rotation":{"x":0.15280893445014954,"y":0.37396004796028139,"z":-0.061237387359142306,"w":0.9130914211273193},"size":204.93521118164063,"orthographic":false}