{"cameraMode":{"drawMode":0,"name":"Shaded","section":"Shading Mode"},"sceneLighting":false,"audioPlay":false,"sceneViewState":{"showFog":true,"showMaterialUpdate":true,"showSkybox":false,"showFlares":true,"showImageEffects":true,"showParticleSystems":true},"in2DMode":false,"pivot":{"x":29.239166259765626,"y":-39.463890075683597,"z":58.07917022705078},"rotation":{"x":-0.26061299443244936,"y":-0.2732001841068268,"z":0.07598543167114258,"w":-0.923240065574646},"size":86.81526947021485,"orthographic":false}