{"cameraMode":{"drawMode":0,"name":"Shaded","section":"Shading Mode"},"sceneLighting":false,"audioPlay":false,"sceneViewState":{"showFog":true,"showMaterialUpdate":true,"showSkybox":false,"showFlares":true,"showImageEffects":true,"showParticleSystems":true},"in2DMode":false,"pivot":{"x":-29.63791275024414,"y":-10.186378479003907,"z":27.347841262817384},"rotation":{"x":-0.3427513837814331,"y":-0.02518913894891739,"z":0.008018746972084046,"w":-0.939430832862854},"size":47.002201080322269,"orthographic":false}