{"cameraMode":{"drawMode":0,"name":"Shaded","section":"Shading Mode"},"sceneLighting":false,"audioPlay":false,"sceneViewState":{"showFog":true,"showMaterialUpdate":true,"showSkybox":true,"showFlares":true,"showImageEffects":true,"showParticleSystems":true},"in2DMode":false,"pivot":{"x":-41.54498291015625,"y":-168.66001892089845,"z":-163.1473846435547},"rotation":{"x":-0.07095176726579666,"y":0.9144691824913025,"z":-0.35363727807998659,"w":-0.18346889317035676},"size":361.4227294921875,"orthographic":false}