{"cameraMode":{"drawMode":0,"name":"Shaded","section":"Shading Mode"},"sceneLighting":false,"audioPlay":false,"sceneViewState":{"showFog":true,"showMaterialUpdate":true,"showSkybox":false,"showFlares":true,"showImageEffects":true,"showParticleSystems":true},"in2DMode":false,"pivot":{"x":-0.4778411388397217,"y":-0.531395673751831,"z":2.8468618392944338},"rotation":{"x":0.1260674148797989,"y":-0.19924163818359376,"z":0.027468223124742509,"w":0.9719622731208801},"size":6.835636138916016,"orthographic":false}