{"cameraMode":{"drawMode":0,"name":"Shaded","section":"Shading Mode"},"sceneLighting":false,"audioPlay":false,"sceneViewState":{"showFog":true,"showMaterialUpdate":true,"showSkybox":false,"showFlares":true,"showImageEffects":true,"showParticleSystems":true},"in2DMode":false,"pivot":{"x":-115.4384994506836,"y":-110.57038116455078,"z":18.3802433013916},"rotation":{"x":-0.30138882994651797,"y":0.5751734972000122,"z":-0.24145644903182984,"w":-0.7217230796813965},"size":178.4236297607422,"orthographic":false}