{"cameraMode":{"drawMode":0,"name":"Shaded","section":"Shading Mode"},"sceneLighting":false,"audioPlay":false,"sceneViewState":{"showFog":true,"showMaterialUpdate":true,"showSkybox":true,"showFlares":true,"showImageEffects":true,"showParticleSystems":true},"in2DMode":false,"pivot":{"x":17.606332778930665,"y":1.141745686531067,"z":84.73223114013672},"rotation":{"x":-0.1146911010146141,"y":-0.5935726761817932,"z":0.08631061017513275,"w":-0.7921942472457886},"size":1.824998378753662,"orthographic":false}