{"cameraMode":{"drawMode":0,"name":"Shaded","section":"Shading Mode"},"sceneLighting":false,"audioPlay":false,"sceneViewState":{"showFog":true,"showMaterialUpdate":true,"showSkybox":false,"showFlares":true,"showImageEffects":true,"showParticleSystems":true},"in2DMode":false,"pivot":{"x":-456.37237548828127,"y":-453.502197265625,"z":891.4884643554688},"rotation":{"x":0.20270846784114839,"y":-0.2315540760755539,"z":0.05023801699280739,"w":0.9505250453948975},"size":1172.6719970703125,"orthographic":false}