{"cameraMode":{"drawMode":0,"name":"Shaded","section":"Shading Mode"},"sceneLighting":false,"audioPlay":false,"sceneViewState":{"showFog":true,"showMaterialUpdate":true,"showSkybox":false,"showFlares":true,"showImageEffects":true,"showParticleSystems":true},"in2DMode":false,"pivot":{"x":-10.32499885559082,"y":3.6499996185302736,"z":-10.408863067626954},"rotation":{"x":-0.12750890851020814,"y":-0.8104864954948425,"z":0.18888138234615327,"w":-0.5403791666030884},"size":27.4346923828125,"orthographic":false}