{"cameraMode":{"drawMode":0,"name":"Shaded","section":"Shading Mode"},"sceneLighting":false,"audioPlay":false,"sceneViewState":{"showFog":true,"showMaterialUpdate":true,"showSkybox":true,"showFlares":true,"showImageEffects":true,"showParticleSystems":true},"in2DMode":false,"pivot":{"x":7.201737880706787,"y":-79.28462982177735,"z":157.8263702392578},"rotation":{"x":-0.17122547328472138,"y":0.7603390216827393,"z":-0.22125735878944398,"w":-0.5865172147750855},"size":507.4500732421875,"orthographic":false}