{"cameraMode":{"drawMode":0,"name":"Shaded","section":"Shading Mode"},"sceneLighting":false,"audioPlay":false,"sceneViewState":{"showFog":true,"showMaterialUpdate":true,"showSkybox":false,"showFlares":true,"showImageEffects":true,"showParticleSystems":true},"in2DMode":false,"pivot":{"x":-17.65589141845703,"y":-5.065945148468018,"z":-27.9052734375},"rotation":{"x":-0.06485670059919357,"y":0.9239588379859924,"z":-0.18611164391040803,"w":-0.32887956500053408},"size":53.737125396728519,"orthographic":false}