{"cameraMode":{"drawMode":0,"name":"Shaded","section":"Shading Mode"},"sceneLighting":false,"audioPlay":false,"sceneViewState":{"showFog":true,"showMaterialUpdate":true,"showSkybox":false,"showFlares":true,"showImageEffects":true,"showParticleSystems":true},"in2DMode":false,"pivot":{"x":49.737979888916019,"y":-35.92323684692383,"z":39.41469955444336},"rotation":{"x":-0.2094413787126541,"y":-0.5010218024253845,"z":0.12502147257328034,"w":-0.8307747840881348},"size":81.57493591308594,"orthographic":false}