{"cameraMode":{"drawMode":0,"name":"Shaded","section":"Shading Mode"},"sceneLighting":false,"audioPlay":false,"sceneViewState":{"showFog":true,"showMaterialUpdate":true,"showSkybox":false,"showFlares":true,"showImageEffects":true,"showParticleSystems":true},"in2DMode":false,"pivot":{"x":2.173308849334717,"y":-0.2732534408569336,"z":2.4438652992248537},"rotation":{"x":-0.08109144866466522,"y":0.9073973894119263,"z":-0.20823600888252259,"w":-0.35666805505752566},"size":9.083518981933594,"orthographic":false}