{"cameraMode":{"drawMode":0,"name":"Shaded","section":"Shading Mode"},"sceneLighting":false,"audioPlay":false,"sceneViewState":{"showFog":true,"showMaterialUpdate":true,"showSkybox":false,"showFlares":true,"showImageEffects":true,"showParticleSystems":true},"in2DMode":false,"pivot":{"x":-91.42363739013672,"y":-48.26319122314453,"z":-14.583327293395996},"rotation":{"x":0.1733987182378769,"y":-0.6970816254615784,"z":0.18173687160015107,"w":0.6720698475837708},"size":121.69598388671875,"orthographic":false}