{"cameraMode":{"drawMode":0,"name":"Shaded","section":"Shading Mode"},"sceneLighting":false,"audioPlay":false,"sceneViewState":{"showFog":true,"showMaterialUpdate":true,"showSkybox":false,"showFlares":true,"showImageEffects":true,"showParticleSystems":true},"in2DMode":false,"pivot":{"x":10.14813232421875,"y":-483.73382568359377,"z":410.0274658203125},"rotation":{"x":0.4093398153781891,"y":0.03190363943576813,"z":-0.013217556290328503,"w":0.9120922088623047},"size":716.7572021484375,"orthographic":false}