{"cameraMode":{"drawMode":0,"name":"Shaded","section":"Shading Mode"},"sceneLighting":false,"audioPlay":false,"sceneViewState":{"showFog":true,"showMaterialUpdate":true,"showSkybox":true,"showFlares":true,"showImageEffects":true,"showParticleSystems":true},"in2DMode":false,"pivot":{"x":-31.07354736328125,"y":-255.28700256347657,"z":275.3002624511719},"rotation":{"x":0.33673661947250368,"y":-0.15443849563598634,"z":0.055991895496845248,"w":0.9273141026496887},"size":533.53564453125,"orthographic":false}