{"cameraMode":{"drawMode":0,"name":"Shaded","section":"Shading Mode"},"sceneLighting":false,"audioPlay":false,"sceneViewState":{"showFog":true,"showMaterialUpdate":true,"showSkybox":false,"showFlares":true,"showImageEffects":true,"showParticleSystems":true},"in2DMode":false,"pivot":{"x":-13.643247604370118,"y":0.6000000238418579,"z":-118.6529769897461},"rotation":{"x":-0.08686381578445435,"y":0.08715129643678665,"z":-0.007692498620599508,"w":-0.992423415184021},"size":6.025000095367432,"orthographic":false}