{"cameraMode":{"drawMode":0,"name":"Shaded","section":"Shading Mode"},"sceneLighting":false,"audioPlay":false,"sceneViewState":{"showFog":true,"showMaterialUpdate":true,"showSkybox":false,"showFlares":true,"showImageEffects":true,"showParticleSystems":true},"in2DMode":false,"pivot":{"x":34.239566802978519,"y":-225.92430114746095,"z":-643.1427001953125},"rotation":{"x":0.004384382162243128,"y":0.9860141277313232,"z":-0.16601790487766267,"w":0.025405356660485269},"size":752.42333984375,"orthographic":false}