{"cameraMode":{"drawMode":0,"name":"Shaded","section":"Shading Mode"},"sceneLighting":false,"audioPlay":false,"sceneViewState":{"showFog":true,"showMaterialUpdate":true,"showSkybox":false,"showFlares":true,"showImageEffects":true,"showParticleSystems":true},"in2DMode":false,"pivot":{"x":-31.0351505279541,"y":-21.01827621459961,"z":-18.478883743286134},"rotation":{"x":-0.2323533594608307,"y":0.731164276599884,"z":-0.30148065090179446,"w":-0.5668487548828125},"size":50.61515426635742,"orthographic":false}