{"cameraMode":{"drawMode":0,"name":"Shaded","section":"Shading Mode"},"sceneLighting":false,"audioPlay":false,"sceneViewState":{"showFog":true,"showMaterialUpdate":true,"showSkybox":false,"showFlares":true,"showImageEffects":true,"showParticleSystems":true},"in2DMode":false,"pivot":{"x":-7.702703952789307,"y":-15.802509307861329,"z":46.61200714111328},"rotation":{"x":-0.19880349934101106,"y":-0.1125454530119896,"z":0.022112954407930375,"w":-0.973671555519104},"size":51.748165130615237,"orthographic":false}