{"cameraMode":{"drawMode":0,"name":"Shaded","section":"Shading Mode"},"sceneLighting":false,"audioPlay":false,"sceneViewState":{"showFog":true,"showMaterialUpdate":true,"showSkybox":false,"showFlares":true,"showImageEffects":true,"showParticleSystems":true},"in2DMode":false,"pivot":{"x":5.960464477539063e-8,"y":0.23810318112373353,"z":1.7881393432617188e-7},"rotation":{"x":-0.21540288627147675,"y":-0.05972394347190857,"z":0.013370966538786888,"w":-0.9747433662414551},"size":2.1564133167266847,"orthographic":false}