{"cameraMode":{"drawMode":0,"name":"Shaded","section":"Shading Mode"},"sceneLighting":false,"audioPlay":false,"sceneViewState":{"showFog":true,"showMaterialUpdate":false,"showSkybox":false,"showFlares":true,"showImageEffects":true,"showParticleSystems":true},"in2DMode":false,"pivot":{"x":0.0000011920928955078126,"y":1.0685282945632935,"z":-0.08096140623092652},"rotation":{"x":-0.0118690961971879,"y":0.9879909753799439,"z":-0.09993786364793778,"w":-0.11732631921768189},"size":5.513040065765381,"orthographic":false}