{"cameraMode":{"drawMode":0,"name":"Shaded","section":"Shading Mode"},"sceneLighting":false,"audioPlay":false,"sceneViewState":{"showFog":true,"showMaterialUpdate":true,"showSkybox":false,"showFlares":true,"showImageEffects":true,"showParticleSystems":true},"in2DMode":false,"pivot":{"x":-27.210634231567384,"y":-12.070857048034668,"z":-17.470108032226564},"rotation":{"x":-0.23216389119625092,"y":0.6761299967765808,"z":-0.240635946393013,"w":-0.6570758819580078},"size":115.27574157714844,"orthographic":false}