{"cameraMode":{"drawMode":0,"name":"Shaded","section":"Shading Mode"},"sceneLighting":false,"audioPlay":false,"sceneViewState":{"showFog":true,"showMaterialUpdate":true,"showSkybox":true,"showFlares":true,"showImageEffects":true,"showParticleSystems":true},"in2DMode":false,"pivot":{"x":37.45334243774414,"y":0.7659245729446411,"z":28.496353149414064},"rotation":{"x":0.09498734772205353,"y":0.6111360192298889,"z":-0.0753321722149849,"w":0.7824886441230774},"size":3.7847304344177248,"orthographic":false}