{"cameraMode":{"drawMode":0,"name":"Shaded","section":"Shading Mode"},"sceneLighting":false,"audioPlay":false,"sceneViewState":{"showFog":true,"showMaterialUpdate":true,"showSkybox":false,"showFlares":true,"showImageEffects":true,"showParticleSystems":true},"in2DMode":false,"pivot":{"x":-25.886009216308595,"y":-19.112085342407228,"z":-25.279247283935548},"rotation":{"x":0.16159246861934663,"y":-0.8375823497772217,"z":0.3598419427871704,"w":0.3790013790130615},"size":45.330596923828128,"orthographic":false}