{"cameraMode":{"drawMode":0,"name":"Shaded","section":"Shading Mode"},"sceneLighting":false,"audioPlay":false,"sceneViewState":{"showFog":true,"showMaterialUpdate":true,"showSkybox":false,"showFlares":true,"showImageEffects":true,"showParticleSystems":true},"in2DMode":false,"pivot":{"x":-108.59017944335938,"y":-835.3971557617188,"z":-687.6220092773438},"rotation":{"x":-0.03756296634674072,"y":0.9050947427749634,"z":-0.4160792827606201,"w":-0.08397099375724793},"size":1242.3076171875,"orthographic":false}