{"cameraMode":{"drawMode":0,"name":"Shaded","section":"Shading Mode"},"sceneLighting":false,"audioPlay":false,"sceneViewState":{"showFog":true,"showMaterialUpdate":true,"showSkybox":true,"showFlares":true,"showImageEffects":true,"showParticleSystems":true},"in2DMode":false,"pivot":{"x":-14.933465957641602,"y":-4.021613597869873,"z":-7.5240583419799809},"rotation":{"x":0.13255563378334046,"y":-0.7918142676353455,"z":0.18527795374393464,"w":0.5668415427207947},"size":45.35075759887695,"orthographic":false}