{"cameraMode":{"drawMode":0,"name":"Shaded","section":"Shading Mode"},"sceneLighting":false,"audioPlay":false,"sceneViewState":{"showFog":true,"showMaterialUpdate":true,"showSkybox":false,"showFlares":true,"showImageEffects":true,"showParticleSystems":true},"in2DMode":false,"pivot":{"x":-12.043720245361329,"y":-582.8560180664063,"z":608.623046875},"rotation":{"x":0.37501686811447146,"y":-0.009312408976256848,"z":0.00495262211188674,"w":0.9273189902305603},"size":862.9542846679688,"orthographic":false}