{"cameraMode":{"drawMode":0,"name":"Shaded","section":"Shading Mode"},"sceneLighting":false,"audioPlay":false,"sceneViewState":{"showFog":true,"showMaterialUpdate":true,"showSkybox":false,"showFlares":true,"showImageEffects":true,"showParticleSystems":true},"in2DMode":false,"pivot":{"x":-18.546220779418947,"y":-13.521757125854493,"z":-8.396886825561524},"rotation":{"x":-0.30480360984802248,"y":0.6570485830307007,"z":-0.33316928148269656,"w":-0.6042982339859009},"size":49.028236389160159,"orthographic":false}