{"cameraMode":{"drawMode":0,"name":"Shaded","section":"Shading Mode"},"sceneLighting":false,"audioPlay":false,"sceneViewState":{"showFog":true,"showMaterialUpdate":true,"showSkybox":false,"showFlares":true,"showImageEffects":true,"showParticleSystems":true},"in2DMode":false,"pivot":{"x":-0.16985327005386353,"y":0.02242434024810791,"z":0.001755833625793457},"rotation":{"x":0.060651518404483798,"y":0.5501371026039124,"z":-0.03661564365029335,"w":0.8327381610870361},"size":3.451885938644409,"orthographic":false}