{"cameraMode":{"drawMode":0,"name":"Shaded","section":"Shading Mode"},"sceneLighting":false,"audioPlay":false,"sceneViewState":{"showFog":true,"showMaterialUpdate":true,"showSkybox":true,"showFlares":true,"showImageEffects":true,"showParticleSystems":true},"in2DMode":false,"pivot":{"x":-190.6999969482422,"y":1.5839999914169312,"z":4.000000476837158},"rotation":{"x":0.3204953968524933,"y":0.11759721487760544,"z":-0.03994254767894745,"w":0.9392589926719666},"size":22.0,"orthographic":false}