{"cameraMode":{"drawMode":0,"name":"Shaded","section":"Shading Mode"},"sceneLighting":false,"audioPlay":false,"sceneViewState":{"showFog":true,"showMaterialUpdate":true,"showSkybox":false,"showFlares":true,"showImageEffects":true,"showParticleSystems":true},"in2DMode":false,"pivot":{"x":2.443666458129883,"y":1.9377427101135255,"z":2.0481743812561037},"rotation":{"x":0.07470688968896866,"y":-0.8919996619224548,"z":0.15949605405330659,"w":0.41695424914360049},"size":4.545234203338623,"orthographic":false}