{"cameraMode":{"drawMode":0,"name":"Shaded","section":"Shading Mode"},"sceneLighting":true,"audioPlay":false,"sceneViewState":{"showFog":true,"showMaterialUpdate":true,"showSkybox":true,"showFlares":true,"showImageEffects":true,"showParticleSystems":true},"in2DMode":false,"pivot":{"x":266.6962890625,"y":118.88578796386719,"z":339.6063232421875},"rotation":{"x":0.10296948254108429,"y":-0.11166898906230927,"z":0.011689421720802784,"w":0.988396406173706},"size":956.24609375,"orthographic":false}