{"cameraMode":{"drawMode":0,"name":"Shaded","section":"Shading Mode"},"sceneLighting":false,"audioPlay":false,"sceneViewState":{"showFog":true,"showMaterialUpdate":true,"showSkybox":false,"showFlares":true,"showImageEffects":true,"showParticleSystems":true},"in2DMode":false,"pivot":{"x":-0.07660061120986939,"y":0.07519575953483582,"z":0.42674708366394045},"rotation":{"x":0.019858844578266145,"y":0.9718228578567505,"z":-0.08494703471660614,"w":0.2208360731601715},"size":0.6492811441421509,"orthographic":false}