{"cameraMode":{"drawMode":0,"name":"Shaded","section":"Shading Mode"},"sceneLighting":false,"audioPlay":false,"sceneViewState":{"showFog":true,"showMaterialUpdate":true,"showSkybox":true,"showFlares":true,"showImageEffects":true,"showParticleSystems":true},"in2DMode":false,"pivot":{"x":-296.548583984375,"y":-282.3345642089844,"z":477.24517822265627},"rotation":{"x":0.22927656769752503,"y":-0.23946510255336762,"z":0.05834038183093071,"w":0.9417968392372131},"size":628.5598754882813,"orthographic":false}