{"cameraMode":{"drawMode":0,"name":"Shaded","section":"Shading Mode"},"sceneLighting":false,"audioPlay":false,"sceneViewState":{"showFog":true,"showMaterialUpdate":true,"showSkybox":true,"showFlares":true,"showImageEffects":true,"showParticleSystems":true},"in2DMode":false,"pivot":{"x":262.8504638671875,"y":-26.92148208618164,"z":115.51828002929688},"rotation":{"x":0.0431385338306427,"y":-0.902330219745636,"z":0.4196358621120453,"w":0.09257130324840546},"size":268.9935302734375,"orthographic":false}