{"cameraMode":{"drawMode":0,"name":"Shaded","section":"Shading Mode"},"sceneLighting":false,"audioPlay":false,"sceneViewState":{"showFog":true,"showMaterialUpdate":true,"showSkybox":true,"showFlares":true,"showImageEffects":true,"showParticleSystems":true},"in2DMode":false,"pivot":{"x":-175.36032104492188,"y":6.311810493469238,"z":0.006077766418457031},"rotation":{"x":0.11899758875370026,"y":0.6758987903594971,"z":-0.11155232042074204,"w":0.7189634442329407},"size":31.28621482849121,"orthographic":false}