{"cameraMode":{"drawMode":0,"name":"Shaded","section":"Shading Mode"},"sceneLighting":false,"audioPlay":false,"sceneViewState":{"showFog":true,"showMaterialUpdate":true,"showSkybox":false,"showFlares":true,"showImageEffects":true,"showParticleSystems":true},"in2DMode":false,"pivot":{"x":-13.008831977844239,"y":-23.788179397583009,"z":56.80228805541992},"rotation":{"x":0.2444971203804016,"y":0.08596895635128021,"z":-0.0206892266869545,"w":0.9659644961357117},"size":65.567138671875,"orthographic":false}