{"cameraMode":{"drawMode":0,"name":"Shaded","section":"Shading Mode"},"sceneLighting":false,"audioPlay":false,"sceneViewState":{"showFog":true,"showMaterialUpdate":true,"showSkybox":false,"showFlares":true,"showImageEffects":true,"showParticleSystems":true},"in2DMode":false,"pivot":{"x":15.965628623962403,"y":-666.7559204101563,"z":-516.7189331054688},"rotation":{"x":-0.008754214271903038,"y":-0.8998254537582398,"z":0.43665751814842226,"w":-0.015421096235513687},"size":930.9755859375,"orthographic":false}